,N,seed,n_turb,turb_score,eval_score,elapsed_time
0,30,0,1,0.41755685683863325,0.41383490600730843,15.034007787704468
1,30,0,2,0.0,0.41383490600730843,20.43728756904602
2,30,0,3,0.44639876683378515,0.449059360456762,25.669914960861206
3,30,0,4,0.45749055943499456,0.45773132651551307,32.38121962547302
4,30,0,5,0.13740817813805686,0.45773132651551307,38.99989199638367
5,30,0,6,0.4452077667496468,0.45773132651551307,43.50722932815552
6,30,0,7,0.3627506125535696,0.45773132651551307,51.03689169883728
7,30,0,8,0.0,0.45773132651551307,55.636149883270264
8,30,0,9,0.22470889441788433,0.45773132651551307,59.03564953804016
9,30,0,10,0.38102148558799553,0.45773132651551307,62.74167776107788
10,30,0,11,0.0,0.45773132651551307,66.5426938533783
11,30,0,12,0.0,0.45773132651551307,69.03889799118042
12,30,0,13,0.0,0.45773132651551307,71.47420334815979
13,30,0,14,0.0,0.45773132651551307,77.02142238616943
14,30,0,15,0.0,0.45773132651551307,81.36347389221191
15,30,0,16,0.1536162872033868,0.45773132651551307,84.34045100212097
16,30,0,17,0.30566679004589437,0.45773132651551307,96.27674007415771
17,30,0,18,0.35711067305412625,0.45773132651551307,105.17516660690308
18,30,0,19,0.012072001518524859,0.45773132651551307,111.86702108383179
19,30,0,20,0.0,0.45773132651551307,114.7585985660553
20,30,0,21,0.4355849147188981,0.45773132651551307,117.87223863601685
21,30,0,22,0.0,0.45773132651551307,121.99294781684875
22,30,0,23,0.46681912871108894,0.46743510001984384,123.39139103889465
23,30,0,24,0.2471696768012006,0.46743510001984384,127.85167980194092
24,30,0,25,0.25177638823184956,0.46743510001984384,135.55614590644836
25,30,0,26,0.2729328965895629,0.46743510001984384,140.67556238174438
26,30,0,27,0.37525050630582124,0.46743510001984384,151.21865940093994
27,30,0,28,0.19514187253453144,0.46743510001984384,156.21194553375244
28,30,0,29,0.0,0.46743510001984384,161.07758808135986
29,30,0,30,0.0,0.46743510001984384,163.61354446411133
30,30,0,31,0.3503207223636665,0.46743510001984384,170.92504501342773
31,30,0,32,0.4788699068274916,0.47641761011189243,175.27088570594788
32,30,0,33,0.35848303837106976,0.47641761011189243,178.7254753112793
33,30,0,34,0.0,0.47641761011189243,181.83471417427063
34,30,0,35,0.3653774650856589,0.47641761011189243,194.70249009132385
35,30,0,36,0.0,0.47641761011189243,198.8509349822998
36,30,0,37,0.0,0.47641761011189243,203.4794065952301
37,30,0,38,0.0,0.47641761011189243,207.70886063575745
38,30,0,39,0.0,0.47641761011189243,212.87675285339355
39,30,0,40,0.48024715680040936,0.4829271898746377,226.52539491653442
40,30,0,41,0.4009446745014425,0.4829271898746377,231.98748421669006
41,30,0,42,0.01404675160438784,0.4829271898746377,237.41385579109192
42,30,0,43,0.4135115936326595,0.4829271898746377,243.03145360946655
43,30,0,44,0.0,0.4829271898746377,245.37852549552917
44,30,0,45,0.3033358354121122,0.4829271898746377,249.77966260910034
45,30,0,46,0.2714520897248495,0.4829271898746377,252.80881881713867
46,30,0,47,0.36883053843542457,0.4829271898746377,255.80340266227722
47,30,0,48,0.5015318391160388,0.5036105714992558,256.96297693252563
48,30,0,49,0.39387698040349306,0.5036105714992558,262.497718334198
49,30,0,50,0.39180738716866437,0.5036105714992558,265.47738909721375
50,30,0,51,0.0,0.5036105714992558,268.01005387306213
51,30,0,52,0.46358655629587675,0.5036105714992558,271.27188539505005
52,30,0,53,0.22028832309869847,0.5036105714992558,275.3405454158783
53,30,0,54,0.1867328447607406,0.5036105714992558,279.5962519645691
54,30,0,55,0.0,0.5036105714992558,282.8170921802521
55,30,0,56,0.0,0.5036105714992558,286.4975082874298
56,30,0,57,0.0,0.5036105714992558,288.8951096534729
57,30,0,58,0.39435402510956724,0.5036105714992558,292.19792127609253
58,30,0,59,0.0,0.5036105714992558,296.1471948623657
59,30,0,60,0.18168653217084044,0.5036105714992558,300.79375982284546
60,30,0,61,0.36856417161606364,0.5036105714992558,306.7189793586731
61,30,0,62,0.3958384912536894,0.5036105714992558,311.852267742157
62,30,0,63,0.1321095713978885,0.5036105714992558,318.91573214530945
63,30,0,64,0.0,0.5036105714992558,323.76618123054504
64,30,0,65,0.35889359303201007,0.5036105714992558,326.38283824920654
65,30,0,66,0.15364546782444025,0.5036105714992558,341.72341084480286
66,30,0,67,0.2398237939964216,0.5036105714992558,344.5475640296936
67,30,0,68,0.011921529331929059,0.5036105714992558,347.60619854927063
68,30,0,69,0.33684609640297203,0.5036105714992558,350.3095016479492
69,30,0,70,0.27632380266899975,0.5036105714992558,357.13334941864014
70,30,0,71,0.18395952217440847,0.5036105714992558,362.2777647972107
71,30,0,72,0.01777553719597056,0.5036105714992558,367.60433626174927
72,30,0,73,0.010333137605219127,0.5036105714992558,370.51305866241455
73,30,0,74,0.0,0.5036105714992558,375.83009457588196
74,30,0,75,0.3412372661499901,0.5036105714992558,380.7842810153961
75,30,0,76,0.0,0.5036105714992558,384.99526834487915
76,30,0,77,0.0,0.5036105714992558,387.81268429756165
77,30,0,78,0.47577512761335006,0.5036105714992558,392.02323842048645
78,30,0,79,0.0,0.5036105714992558,394.6049599647522
79,30,0,80,0.3988412636344831,0.5036105714992558,397.5536267757416
80,30,0,81,0.0,0.5036105714992558,402.57730627059937
81,30,0,82,0.4152360385979651,0.5036105714992558,407.3260724544525
82,30,0,83,0.0,0.5036105714992558,409.8900020122528
83,30,0,84,0.0,0.5036105714992558,412.99775767326355
84,30,0,85,0.40340158062166465,0.5036105714992558,416.6096365451813
85,30,0,86,0.3576098132543325,0.5036105714992558,424.1670162677765
86,30,0,87,0.0,0.5036105714992558,431.937292098999
87,30,0,88,0.3772161878831303,0.5036105714992558,439.98295378685
88,30,0,89,0.0,0.5036105714992558,442.36602210998535
89,30,0,90,0.0,0.5036105714992558,444.68144965171814
90,30,0,91,0.4222931470615589,0.5036105714992558,447.1111333370209
91,30,0,92,0.23982229301686486,0.5036105714992558,449.6591742038727
92,30,0,93,0.27575083665987726,0.5036105714992558,453.34176754951477
93,30,0,94,0.014484212284933304,0.5036105714992558,458.23960876464844
94,30,0,95,0.2665401303352094,0.5036105714992558,461.0725038051605
95,30,0,96,0.011867897556494204,0.5036105714992558,464.3140802383423
96,30,0,97,0.0,0.5036105714992558,472.5681960582733
97,30,0,98,0.15712456794980362,0.5036105714992558,475.1503007411957
98,30,0,99,0.0,0.5036105714992558,480.41526794433594
99,30,0,100,0.46349287550058527,0.5036105714992558,487.1389729976654
100,30,0,101,0.0,0.5036105714992558,491.467134475708
101,30,0,102,0.0,0.5036105714992558,495.92687249183655
102,30,0,103,0.41611371667561553,0.5036105714992558,501.97912526130676
103,30,0,104,0.13779618058354642,0.5036105714992558,507.4127268791199
104,30,0,105,0.0,0.5036105714992558,509.9098291397095
105,30,0,106,0.0,0.5036105714992558,512.5957148075104
106,30,0,107,0.2020695329033913,0.5036105714992558,515.4084277153015
107,30,0,108,0.281792523188295,0.5036105714992558,518.0064029693604
108,30,0,109,0.195886127576853,0.5036105714992558,524.2635850906372
109,30,0,110,0.0,0.5036105714992558,528.197683095932
110,30,0,111,0.22619208229841328,0.5036105714992558,531.1654720306396
111,30,0,112,0.4337340467357548,0.5036105714992558,538.705070734024
112,30,0,113,0.3721657389903888,0.5036105714992558,544.6999418735504
113,30,1,1,0.0,0.0,10.917026281356812
114,30,1,2,0.0,0.0,13.807699203491211
115,30,1,3,0.4553940894564438,0.45471869753858685,17.11255669593811
116,30,1,4,0.3269206099588178,0.45471869753858685,19.676079988479614
117,30,1,5,0.0,0.45471869753858685,22.23568081855774
118,30,1,6,0.24003730869529213,0.45471869753858685,27.60615062713623
119,30,1,7,0.0,0.45471869753858685,31.48481774330139
120,30,1,8,0.0,0.45471869753858685,34.31305980682373
121,30,1,9,0.30691299896420793,0.45471869753858685,38.33849263191223
122,30,1,10,0.0,0.45471869753858685,42.04209542274475
123,30,1,11,0.0,0.45471869753858685,48.9359974861145
124,30,1,12,0.2198916102062265,0.45471869753858685,51.57458424568176
125,30,1,13,0.0,0.45471869753858685,55.18716359138489
126,30,1,14,0.2627050831677944,0.45471869753858685,57.743629455566406
127,30,1,15,0.17760890856494654,0.45471869753858685,60.20842480659485
128,30,1,16,0.4522767411949493,0.45471869753858685,64.3826162815094
129,30,1,17,0.0,0.45471869753858685,70.40784192085266
130,30,1,18,0.0,0.45471869753858685,75.85013818740845
131,30,1,19,0.0,0.45471869753858685,81.75243902206421
132,30,1,20,0.0,0.45471869753858685,85.12577295303345
133,30,1,21,0.016384523439674985,0.45471869753858685,89.88159465789795
134,30,1,22,0.4454604759097938,0.45471869753858685,94.45925188064575
135,30,1,23,0.5009064334124912,0.49995093596612383,102.71324682235718
136,30,1,24,0.40206125975896406,0.49995093596612383,105.50565576553345
137,30,1,25,0.2883070958071445,0.49995093596612383,108.03264212608337
138,30,1,26,0.0,0.49995093596612383,112.05297636985779
139,30,1,27,0.0,0.49995093596612383,114.38954544067383
140,30,1,28,0.0,0.49995093596612383,116.90111207962036
141,30,1,29,0.0,0.49995093596612383,119.23887228965759
142,30,1,30,0.3703647939246224,0.49995093596612383,124.70806360244751
143,30,1,31,0.3367098692797444,0.49995093596612383,129.74942064285278
144,30,1,32,0.393638418523884,0.49995093596612383,132.32455039024353
145,30,1,33,0.20024114275761387,0.49995093596612383,136.1334547996521
146,30,1,34,0.0,0.49995093596612383,139.27263259887695
147,30,1,35,0.012817499906145795,0.49995093596612383,143.615238904953
148,30,1,36,0.0,0.49995093596612383,148.88710832595825
149,30,1,37,0.0,0.49995093596612383,151.361722946167
150,30,1,38,0.34716884851791024,0.49995093596612383,158.20598149299622
151,30,1,39,0.41078742648592376,0.49995093596612383,161.35075116157532
152,30,1,40,0.01769094634356061,0.49995093596612383,166.8126094341278
153,30,1,41,0.0,0.49995093596612383,170.65510487556458
154,30,1,42,0.23541591573253387,0.49995093596612383,179.25872707366943
155,30,1,43,0.37891848699922126,0.49995093596612383,181.6776876449585
156,30,1,44,0.4098747203504012,0.49995093596612383,186.39980506896973
157,30,1,45,0.20220985879716472,0.49995093596612383,194.28037977218628
158,30,1,46,0.0,0.49995093596612383,196.83425641059875
159,30,1,47,0.17068702350539247,0.49995093596612383,202.3273811340332
160,30,1,48,0.0,0.49995093596612383,207.39759945869446
161,30,1,49,0.0,0.49995093596612383,211.1438820362091
162,30,1,50,0.0,0.49995093596612383,218.14802861213684
163,30,1,51,0.14057178089268926,0.49995093596612383,228.34283351898193
164,30,1,52,0.0,0.49995093596612383,233.2017252445221
165,30,1,53,0.0,0.49995093596612383,236.12221264839172
166,30,1,54,0.44720010741731786,0.49995093596612383,240.94719529151917
167,30,1,55,0.0,0.49995093596612383,244.08731603622437
168,30,1,56,0.22839014499259033,0.49995093596612383,250.4672462940216
169,30,1,57,0.0,0.49995093596612383,252.96005296707153
170,30,1,58,0.24347033860778902,0.49995093596612383,257.9591691493988
171,30,1,59,0.44571437865022284,0.49995093596612383,264.6617224216461
172,30,1,60,0.0,0.49995093596612383,267.1163694858551
173,30,1,61,0.3076352443165751,0.49995093596612383,274.88296031951904
174,30,1,62,0.0,0.49995093596612383,277.3946852684021
175,30,1,63,0.29602411089824354,0.49995093596612383,279.9823455810547
176,30,1,64,0.0,0.49995093596612383,282.30772042274475
177,30,1,65,0.4903222044810043,0.49995093596612383,285.31994223594666
178,30,1,66,0.34992468345517885,0.49995093596612383,292.05708742141724
179,30,1,67,0.0,0.49995093596612383,296.1565182209015
180,30,1,68,0.21823215936903162,0.49995093596612383,300.8243308067322
181,30,1,69,0.0,0.49995093596612383,303.334392786026
182,30,1,70,0.013445879578619908,0.49995093596612383,305.7963192462921
183,30,1,71,0.0,0.49995093596612383,309.94102573394775
184,30,1,72,0.0,0.49995093596612383,312.3642156124115
185,30,1,73,0.012360442249168945,0.49995093596612383,317.15250992774963
186,30,1,74,0.0,0.49995093596612383,320.65852785110474
187,30,1,75,0.16414603463267133,0.49995093596612383,331.39604783058167
188,30,1,76,0.40658917463389604,0.49995093596612383,333.89034628868103
189,30,1,77,0.39593888937929644,0.49995093596612383,336.60221457481384
190,30,1,78,0.3706292120982038,0.49995093596612383,339.2378373146057
191,30,1,79,0.43768429831924666,0.49995093596612383,343.65566205978394
192,30,1,80,0.23782635706144079,0.49995093596612383,346.41940331459045
193,30,1,81,0.0,0.49995093596612383,352.0563397407532
194,30,1,82,0.2293397071094537,0.49995093596612383,355.18064641952515
195,30,1,83,0.3173678972181201,0.49995093596612383,364.3284442424774
196,30,1,84,0.0,0.49995093596612383,368.1425666809082
197,30,1,85,0.35560930152159276,0.49995093596612383,373.08880400657654
198,30,1,86,0.017397597855654548,0.49995093596612383,380.33596539497375
199,30,1,87,0.467729044223271,0.49995093596612383,385.90760922431946
200,30,1,88,0.42698359483848863,0.49995093596612383,391.9465174674988
201,30,1,89,0.0,0.49995093596612383,394.9707033634186
202,30,1,90,0.0,0.49995093596612383,398.04414463043213
203,30,1,91,0.45073901939743166,0.49995093596612383,400.9961850643158
204,30,1,92,0.42957707281330065,0.49995093596612383,406.99832940101624
205,30,1,93,0.4776155983884996,0.49995093596612383,413.0671651363373
206,30,1,94,0.192652997287172,0.49995093596612383,417.1199035644531
207,30,1,95,0.38390796185391685,0.49995093596612383,427.0984151363373
208,30,1,96,0.20190724472417707,0.49995093596612383,429.5331778526306
209,30,1,97,0.3917504418652936,0.49995093596612383,438.368839263916
210,30,1,98,0.17397706075787453,0.49995093596612383,446.86905241012573
211,30,1,99,0.3771713545098021,0.49995093596612383,449.41008138656616
212,30,1,100,0.2608549730201067,0.49995093596612383,459.6541383266449
213,30,1,101,0.48330401315895255,0.49995093596612383,466.5060133934021
214,30,1,102,0.16367052253875472,0.49995093596612383,468.96487307548523
215,30,1,103,0.3930777145247337,0.49995093596612383,474.24343276023865
216,30,1,104,0.01025414373460897,0.49995093596612383,477.90671849250793
217,30,1,105,0.33573922516646154,0.49995093596612383,481.1442744731903
218,30,1,106,0.4144263699976569,0.49995093596612383,486.7358982563019
219,30,1,107,0.0,0.49995093596612383,490.7005865573883
220,30,1,108,0.36880346848112416,0.49995093596612383,496.3158793449402
221,30,1,109,0.1937498532231358,0.49995093596612383,499.5356693267822
222,30,1,110,0.0,0.49995093596612383,503.45959997177124
223,30,1,111,0.013775521257115477,0.49995093596612383,507.0020592212677
224,30,1,112,0.42194499244591405,0.49995093596612383,509.51492643356323
225,30,1,113,0.0,0.49995093596612383,512.1510238647461
226,30,1,114,0.2745065148090534,0.49995093596612383,514.6807489395142
227,30,1,115,0.1677882452885477,0.49995093596612383,520.6800053119659
228,30,1,116,0.0,0.49995093596612383,524.6159617900848
229,30,1,117,0.18463991580660633,0.49995093596612383,529.662585735321
230,30,1,118,0.0,0.49995093596612383,533.9683287143707
231,30,1,119,0.36272674244620934,0.49995093596612383,536.7676281929016
232,30,1,120,0.0,0.49995093596612383,541.0364120006561
233,30,2,1,0.0,0.0,6.581914901733398
234,30,2,2,0.0,0.0,9.096066951751709
235,30,2,3,0.3113547401141557,0.3111091798676935,22.58942747116089
236,30,2,4,0.26650308632604536,0.3111091798676935,25.354998350143433
237,30,2,5,0.0,0.3111091798676935,28.932949542999268
238,30,2,6,0.0,0.3111091798676935,32.59859490394592
239,30,2,7,0.0,0.3111091798676935,35.92570233345032
240,30,2,8,0.0,0.3111091798676935,40.77146792411804
241,30,2,9,0.15596851694812122,0.3111091798676935,43.10263466835022
242,30,2,10,0.35353049087782074,0.3541476344101325,49.4172580242157
243,30,2,11,0.0,0.3541476344101325,53.25639295578003
244,30,2,12,0.1767152091626491,0.3541476344101325,55.88020420074463
245,30,2,13,0.26298992530638965,0.3541476344101325,60.38121962547302
246,30,2,14,0.3057934557652452,0.3541476344101325,67.20378875732422
247,30,2,15,0.3161311845966792,0.3541476344101325,69.90242123603821
248,30,2,16,0.0,0.3541476344101325,74.22375917434692
249,30,2,17,0.20187258115278264,0.3541476344101325,76.77363014221191
250,30,2,18,0.17375889533350816,0.3541476344101325,81.78216671943665
251,30,2,19,0.0,0.3541476344101325,85.90563488006592
252,30,2,20,0.0,0.3541476344101325,90.76856899261475
253,30,2,21,0.20867155643854549,0.3541476344101325,95.56440711021423
254,30,2,22,0.44730705131192305,0.451935073823663,105.13095688819885
255,30,2,23,0.3655715868511281,0.451935073823663,108.19304299354553
256,30,2,24,0.1709399979788016,0.451935073823663,110.72711443901062
257,30,2,25,0.4634268142924747,0.4647838585400526,116.17105436325073
258,30,2,26,0.017824049238093297,0.4647838585400526,121.08782720565796
259,30,2,27,0.0,0.4647838585400526,124.35513949394226
260,30,2,28,0.0,0.4647838585400526,126.92465806007385
261,30,2,29,0.36649982334430753,0.4647838585400526,129.42590022087097
262,30,2,30,0.0102314975959128,0.4647838585400526,132.56935811042786
263,30,2,31,0.0,0.4647838585400526,135.12074422836304
264,30,2,32,0.0,0.4647838585400526,138.84713625907898
265,30,2,33,0.0,0.4647838585400526,141.19928336143494
266,30,2,34,0.25215826912975425,0.4647838585400526,147.43852615356445
267,30,2,35,0.0,0.4647838585400526,149.92029905319214
268,30,2,36,0.0,0.4647838585400526,152.39760279655457
269,30,2,37,0.0,0.4647838585400526,158.60321760177612
270,30,2,38,0.38541497092211097,0.4647838585400526,163.96614575386047
271,30,2,39,0.3322326080587452,0.4647838585400526,168.13508200645447
272,30,2,40,0.47294687258670826,0.4682334783222802,172.1177089214325
273,30,2,41,0.3630351589482368,0.4682334783222802,177.76375818252563
274,30,2,42,0.1646259785322724,0.4682334783222802,180.24501633644104
275,30,2,43,0.0,0.4682334783222802,184.333660364151
276,30,2,44,0.2950063286221456,0.4682334783222802,192.84605813026428
277,30,2,45,0.40988256345740137,0.4682334783222802,197.77961778640747
278,30,2,46,0.2162428629919942,0.4682334783222802,206.4876766204834
279,30,2,47,0.0,0.4682334783222802,211.0945179462433
280,30,2,48,0.36391143046090224,0.4682334783222802,216.4377944469452
281,30,2,49,0.34972085092475463,0.4682334783222802,222.4364652633667
282,30,2,50,0.0,0.4682334783222802,225.3910186290741
283,30,2,51,0.5001274003231848,0.36495036612690956,231.9288911819458
284,30,2,52,0.0,0.36495036612690956,234.51251792907715
285,30,2,53,0.0,0.36495036612690956,240.87305116653442
286,30,2,54,0.19863230385218356,0.36495036612690956,243.45056462287903
287,30,2,55,0.0,0.36495036612690956,249.84997367858887
288,30,2,56,0.0,0.36495036612690956,252.9886496067047
289,30,2,57,0.0,0.36495036612690956,255.58329486846924
290,30,2,58,0.0,0.36495036612690956,259.60236048698425
291,30,2,59,0.0,0.36495036612690956,262.02626490592957
292,30,2,60,0.0,0.36495036612690956,265.45071601867676
293,30,2,61,0.19604814442787208,0.36495036612690956,269.8940613269806
294,30,2,62,0.22931570837135923,0.36495036612690956,275.82879996299744
295,30,2,63,0.0,0.36495036612690956,279.0881178379059
296,30,2,64,0.2684105297686266,0.36495036612690956,281.98087668418884
297,30,2,65,0.0,0.36495036612690956,284.3761215209961
298,30,2,66,0.36836916383556395,0.36495036612690956,289.19736409187317
299,30,2,67,0.4685336707645533,0.36495036612690956,293.73909521102905
300,30,2,68,0.20029607885103484,0.36495036612690956,298.822877407074
301,30,2,69,0.4073996650847714,0.36495036612690956,304.5714921951294
302,30,2,70,0.47224601162182567,0.36495036612690956,308.0330138206482
303,30,2,71,0.0,0.36495036612690956,311.0981214046478
304,30,2,72,0.0,0.36495036612690956,313.5791189670563
305,30,2,73,0.24678645122515946,0.36495036612690956,322.4273097515106
306,30,2,74,0.0,0.36495036612690956,325.54547929763794
307,30,2,75,0.26428558612927094,0.36495036612690956,328.87637996673584
308,30,2,76,0.32455884996313394,0.36495036612690956,332.0078775882721
309,30,2,77,0.1721413003937439,0.36495036612690956,335.39615178108215
310,30,2,78,0.5010805432644742,0.4992442175672328,334.12561988830566
311,30,2,79,0.46964376132180924,0.4992442175672328,341.07189106941223
312,30,2,80,0.17427608064904307,0.4992442175672328,343.6471493244171
313,30,2,81,0.4858591961046743,0.4992442175672328,347.8078987598419
314,30,2,82,0.011873526531825178,0.4992442175672328,351.8866717815399
315,30,2,83,0.3126649027139434,0.4992442175672328,355.23852825164795
316,30,2,84,0.011825858446834942,0.4992442175672328,357.7858691215515
317,30,2,85,0.0,0.4992442175672328,362.0298717021942
318,30,2,86,0.015858532823762456,0.4992442175672328,368.77588391304016
319,30,2,87,0.44012896497143894,0.4992442175672328,371.3036506175995
320,30,2,88,0.19144975548347032,0.4992442175672328,374.4174876213074
321,30,2,89,0.4859064662156374,0.4992442175672328,378.3391811847687
322,30,2,90,0.0,0.4992442175672328,382.326632976532
323,30,2,91,0.013846345189318187,0.4992442175672328,386.86858010292053
324,30,2,92,0.0,0.4992442175672328,390.33864569664
325,30,2,93,0.0,0.4992442175672328,395.15237832069397
326,30,2,94,0.187109527309699,0.4992442175672328,399.19583797454834
327,30,2,95,0.354929934849935,0.4992442175672328,404.22139072418213
328,30,2,96,0.27331830201255725,0.4992442175672328,409.7860360145569
329,30,2,97,0.47565351109332327,0.4992442175672328,414.887348651886
330,30,2,98,0.0,0.4992442175672328,417.7550473213196
331,30,2,99,0.0,0.4992442175672328,420.21200585365295
332,30,2,100,0.0,0.4992442175672328,425.684650182724
333,30,2,101,0.24142555274719416,0.4992442175672328,433.68692803382874
334,30,2,102,0.18055621375625214,0.4992442175672328,436.90387773513794
335,30,2,103,0.0,0.4992442175672328,441.7071897983551
336,30,2,104,0.18303624180725914,0.4992442175672328,448.3936712741852
337,30,2,105,0.0,0.4992442175672328,452.7436559200287
338,30,2,106,0.0,0.4992442175672328,458.5813057422638
339,30,2,107,0.39549123199102193,0.4992442175672328,462.9478671550751
340,30,2,108,0.0,0.4992442175672328,465.3594560623169
341,30,2,109,0.01657230743101103,0.4992442175672328,469.07225584983826
342,30,2,110,0.2832420691013251,0.4992442175672328,471.63715171813965
343,30,2,111,0.46938345164649414,0.4992442175672328,477.2279531955719
344,30,2,112,0.20142958926022037,0.4992442175672328,481.9756169319153
345,30,2,113,0.0,0.4992442175672328,489.6345365047455
346,30,2,114,0.0,0.4992442175672328,492.29444122314453
347,30,2,115,0.33363287434070266,0.4992442175672328,495.1869080066681
348,30,2,116,0.31550493170428523,0.4992442175672328,498.9514880180359
349,30,2,117,0.0,0.4992442175672328,501.9288501739502
350,30,2,118,0.006982567452176558,0.4992442175672328,504.3923306465149
351,30,2,119,0.4587894448600392,0.4992442175672328,508.5575897693634
352,30,2,120,0.0,0.4992442175672328,511.3370804786682
353,30,2,121,0.41658740304399705,0.4992442175672328,516.1377725601196
354,30,2,122,0.20801360556094844,0.4992442175672328,519.2797243595123
355,30,2,123,0.0,0.4992442175672328,523.5102078914642
356,30,2,124,0.0,0.4992442175672328,526.672562122345
357,30,2,125,0.4355877492627201,0.4992442175672328,532.9472501277924
358,30,2,126,0.18923904406729622,0.4992442175672328,537.8064260482788
359,30,2,127,0.0,0.4992442175672328,540.3516237735748
360,30,3,1,0.01837923325465953,0.017203074658833698,14.819580793380737
361,30,3,2,0.0,0.017203074658833698,20.308703422546387
362,30,3,3,0.0,0.017203074658833698,24.10348081588745
363,30,3,4,0.0,0.017203074658833698,29.210872650146484
364,30,3,5,0.0,0.017203074658833698,33.69874978065491
365,30,3,6,0.4522153940331667,0.4515064731223881,32.139124631881714
366,30,3,7,0.12337758330171507,0.4515064731223881,35.57335305213928
367,30,3,8,0.01102344329663526,0.4515064731223881,42.39161920547485
368,30,3,9,0.0,0.4515064731223881,46.97258448600769
369,30,3,10,0.015279496525759115,0.4515064731223881,52.10973644256592
370,30,3,11,0.0,0.4515064731223881,56.34318137168884
371,30,3,12,0.4096024977371121,0.4515064731223881,59.68217086791992
372,30,3,13,0.4102226338729426,0.4515064731223881,63.50962042808533
373,30,3,14,0.4548493768071373,0.4571911290416355,72.3528573513031
374,30,3,15,0.0,0.4571911290416355,76.10868620872498
375,30,3,16,0.0,0.4571911290416355,78.58994436264038
376,30,3,17,0.0,0.4571911290416355,84.58529853820801
377,30,3,18,0.3544938463261609,0.4571911290416355,89.19734406471252
378,30,3,19,0.3864832202829746,0.4571911290416355,93.39195680618286
379,30,3,20,0.41798571949574537,0.4571911290416355,96.7331395149231
380,30,3,21,0.2828845556660402,0.4571911290416355,102.2228136062622
381,30,3,22,0.28699889797338723,0.4571911290416355,106.72663879394531
382,30,3,23,0.3391153552158357,0.4571911290416355,109.5733437538147
383,30,3,24,0.0,0.4571911290416355,112.70276808738708
384,30,3,25,0.4412794337420525,0.4571911290416355,119.43560099601746
385,30,3,26,0.0,0.4571911290416355,122.9660439491272
386,30,3,27,0.0,0.4571911290416355,125.63875269889832
387,30,3,28,0.22912978575275356,0.4571911290416355,128.32626795768738
388,30,3,29,0.1414316647602653,0.4571911290416355,130.79937267303467
389,30,3,30,0.47268927447607845,0.47017502463013067,130.24690699577332
390,30,3,31,0.144166155339195,0.47017502463013067,132.7291648387909
391,30,3,32,0.0,0.47017502463013067,137.64342427253723
392,30,3,33,0.0,0.47017502463013067,143.05024218559265
393,30,3,34,0.2983571148625778,0.47017502463013067,147.69084334373474
394,30,3,35,0.47193888382160654,0.47017502463013067,150.2852747440338
395,30,3,36,0.4485576659414896,0.47017502463013067,155.88505911827087
396,30,3,37,0.4235335019784506,0.47017502463013067,158.530291557312
397,30,3,38,0.0,0.47017502463013067,164.59564304351807
398,30,3,39,0.2751874808106602,0.47017502463013067,171.04388737678528
399,30,3,40,0.27863569323389004,0.47017502463013067,175.32063603401184
400,30,3,41,0.2092448175032207,0.47017502463013067,178.64605498313904
401,30,3,42,0.37901247031961827,0.47017502463013067,184.62273812294006
402,30,3,43,0.20600856825709973,0.47017502463013067,188.26555275917053
403,30,3,44,0.48540135972264464,0.4866199717794476,194.754545211792
404,30,3,45,0.0,0.4866199717794476,197.61103558540344
405,30,3,46,0.4868279979312822,0.4809962301227965,199.1023473739624
406,30,3,47,0.00967208481124887,0.4809962301227965,201.6643042564392
407,30,3,48,0.0,0.4809962301227965,204.1138162612915
408,30,3,49,0.0,0.4809962301227965,206.692280292511
409,30,3,50,0.0,0.4809962301227965,211.75614881515503
410,30,3,51,0.28599049871372917,0.4809962301227965,215.634690284729
411,30,3,52,0.30121973441526173,0.4809962301227965,218.1717164516449
412,30,3,53,0.0,0.4809962301227965,224.591566324234
413,30,3,54,0.0,0.4809962301227965,227.22660183906555
414,30,3,55,0.3869514327049613,0.4809962301227965,230.6468276977539
415,30,3,56,0.3778554803766006,0.4809962301227965,234.36492371559143
416,30,3,57,0.2539047788700425,0.4809962301227965,239.0669460296631
417,30,3,58,0.46090250236769104,0.4809962301227965,243.33504939079285
418,30,3,59,0.4655185420880737,0.4809962301227965,246.3947892189026
419,30,3,60,0.0,0.4809962301227965,248.90963172912598
420,30,3,61,0.3430979537938302,0.4809962301227965,255.14941811561584
421,30,3,62,0.0,0.4809962301227965,259.4538300037384
422,30,3,63,0.21184960410850426,0.4809962301227965,262.77360916137695
423,30,3,64,0.4174048887327658,0.4809962301227965,271.1945204734802
424,30,3,65,0.0,0.4809962301227965,273.67662286758423
425,30,3,66,0.33462165690272844,0.4809962301227965,277.19090461730957
426,30,3,67,0.47009124745742153,0.4809962301227965,283.786080121994
427,30,3,68,0.011463414135513994,0.4809962301227965,286.93703055381775
428,30,3,69,0.0,0.4809962301227965,289.903933763504
429,30,3,70,0.1912223513976585,0.4809962301227965,292.817022562027
430,30,3,71,0.26743687950349226,0.4809962301227965,297.8985757827759
431,30,3,72,0.2921486673486648,0.4809962301227965,300.82239508628845
432,30,3,73,0.0,0.4809962301227965,303.23358058929443
433,30,3,74,0.18089070198095591,0.4809962301227965,306.7028682231903
434,30,3,75,0.016855006305168733,0.4809962301227965,310.16325664520264
435,30,3,76,0.0,0.4809962301227965,312.94257855415344
436,30,3,77,0.14550784062546385,0.4809962301227965,324.5795934200287
437,30,3,78,0.20364074356155232,0.4809962301227965,331.3713490962982
438,30,3,79,0.20128606660664133,0.4809962301227965,336.42039465904236
439,30,3,80,0.4639878542948693,0.4809962301227965,344.5066411495209
440,30,3,81,0.0,0.4809962301227965,348.477525472641
441,30,3,82,0.33284377136792836,0.4809962301227965,351.5103726387024
442,30,3,83,0.26688829384605756,0.4809962301227965,356.2375555038452
443,30,3,84,0.34928185464973677,0.4809962301227965,360.3986382484436
444,30,3,85,0.2956423343211229,0.4809962301227965,363.31533670425415
445,30,3,86,0.4151859443668192,0.4809962301227965,369.26498794555664
446,30,3,87,0.26154918946325956,0.4809962301227965,376.06369066238403
447,30,3,88,0.4390527493911059,0.4809962301227965,380.67181420326233
448,30,3,89,0.334606672600822,0.4809962301227965,383.30730509757996
449,30,3,90,0.0,0.4809962301227965,388.38076281547546
450,30,3,91,0.49383425338464626,0.4967387810424578,400.76994824409485
451,30,3,92,0.2937999569568886,0.4967387810424578,407.7567596435547
452,30,3,93,0.0,0.4967387810424578,412.85223293304443
453,30,3,94,0.26003761315434476,0.4967387810424578,415.31521368026733
454,30,3,95,0.1467849972371491,0.4967387810424578,419.69920659065247
455,30,3,96,0.014229452324317896,0.4967387810424578,424.1813220977783
456,30,3,97,0.21033590869318738,0.4967387810424578,429.2004461288452
457,30,3,98,0.4658042586767519,0.4967387810424578,435.68996572494507
458,30,3,99,0.31091569877004477,0.4967387810424578,438.60357666015625
459,30,3,100,0.00966551930358171,0.4967387810424578,442.98014521598816
460,30,3,101,0.009400378213127105,0.4967387810424578,445.5079872608185
461,30,3,102,0.32726126923376736,0.4967387810424578,448.3777987957001
462,30,3,103,0.46157062536840043,0.4967387810424578,453.38006925582886
463,30,3,104,0.227133193200228,0.4967387810424578,457.3524811267853
464,30,3,105,0.0,0.4967387810424578,462.5236313343048
465,30,3,106,0.0,0.4967387810424578,467.00083208084106
466,30,3,107,0.0,0.4967387810424578,469.4691619873047
467,30,3,108,0.29662175398583174,0.4967387810424578,476.09285712242126
468,30,3,109,0.0,0.4967387810424578,480.2900719642639
469,30,3,110,0.3096311266086225,0.4967387810424578,482.82922649383545
470,30,3,111,0.3064544993711218,0.4967387810424578,489.61573481559753
471,30,3,112,0.19466117662750282,0.4967387810424578,495.04595732688904
472,30,3,113,0.0,0.4967387810424578,499.15934801101685
473,30,3,114,0.0,0.4967387810424578,501.42147493362427
474,30,3,115,0.44175685767855927,0.4967387810424578,505.89199471473694
475,30,3,116,0.0,0.4967387810424578,508.7987685203552
476,30,3,117,0.0,0.4967387810424578,512.8191657066345
477,30,3,118,0.11152761223527902,0.4967387810424578,521.620480298996
478,30,3,119,0.4586254768882252,0.4967387810424578,525.8450601100922
479,30,3,120,0.43107757935448365,0.4967387810424578,528.7138934135437
480,30,3,121,0.369162163323787,0.4967387810424578,535.7943511009216
481,30,3,122,0.0,0.4967387810424578,538.4220128059387
482,30,3,123,0.0,0.4967387810424578,540.7136986255646
483,30,4,1,0.15176943515464741,0.1499942368785392,18.300370931625366
484,30,4,2,0.0,0.1499942368785392,21.535948991775513
485,30,4,3,0.2017511268957678,0.20095368742071604,21.502960681915283
486,30,4,4,0.45454964857059765,0.4520525980457111,24.62973189353943
487,30,4,5,0.48061769480480004,0.4794833245814112,32.03245306015015
488,30,4,6,0.18903699357453407,0.4794833245814112,40.421730518341064
489,30,4,7,0.016271444104819958,0.4794833245814112,45.008413791656494
490,30,4,8,0.0,0.4794833245814112,47.95178437232971
491,30,4,9,0.0,0.4794833245814112,50.74883460998535
492,30,4,10,0.020187245141534818,0.4794833245814112,56.38739490509033
493,30,4,11,0.0,0.4794833245814112,60.465497970581055
494,30,4,12,0.3896523809645023,0.4794833245814112,66.18066120147705
495,30,4,13,0.4732983050424558,0.4794833245814112,72.88576745986938
496,30,4,14,0.014904490617244923,0.4794833245814112,81.03812599182129
497,30,4,15,0.0,0.4794833245814112,85.8764021396637
498,30,4,16,0.007850359698733192,0.4794833245814112,88.20589518547058
499,30,4,17,0.012397553158120975,0.4794833245814112,94.61754274368286
500,30,4,18,0.0,0.4794833245814112,98.437992811203
501,30,4,19,0.3973797345259185,0.4794833245814112,103.52239227294922
502,30,4,20,0.31045423196780986,0.4794833245814112,111.35315465927124
503,30,4,21,0.0,0.4794833245814112,116.54995775222778
504,30,4,22,0.1948482273774453,0.4794833245814112,121.61462116241455
505,30,4,23,0.0,0.4794833245814112,123.86212158203125
506,30,4,24,0.4236528223677689,0.4794833245814112,126.74534392356873
507,30,4,25,0.0,0.4794833245814112,129.78484559059143
508,30,4,26,0.2105123442271872,0.4794833245814112,134.12682843208313
509,30,4,27,0.34122752362357134,0.4794833245814112,138.71472191810608
510,30,4,28,0.17819746569210462,0.4794833245814112,141.5957658290863
511,30,4,29,0.44448409219856533,0.4794833245814112,146.91167855262756
512,30,4,30,0.0,0.4794833245814112,149.41522598266602
513,30,4,31,0.0,0.4794833245814112,153.83438444137573
514,30,4,32,0.323109131701116,0.4794833245814112,157.08790588378906
515,30,4,33,0.24757840652456498,0.4794833245814112,161.90734672546387
516,30,4,34,0.3796728870168006,0.4794833245814112,165.22627639770508
517,30,4,35,0.21365911114938263,0.4794833245814112,170.66552901268005
518,30,4,36,0.0,0.4794833245814112,176.40055656433105
519,30,4,37,0.0,0.4794833245814112,180.49422311782837
520,30,4,38,0.2764167128052001,0.4794833245814112,183.28806376457214
521,30,4,39,0.0,0.4794833245814112,185.9579734802246
522,30,4,40,0.0,0.4794833245814112,188.5402352809906
523,30,4,41,0.3716226719903418,0.4794833245814112,192.83473825454712
524,30,4,42,0.2624965333052372,0.4794833245814112,200.02147912979126
525,30,4,43,0.01818361746786981,0.4794833245814112,206.24268746376038
526,30,4,44,0.20301958280360716,0.4794833245814112,209.32298231124878
527,30,4,45,0.0,0.4794833245814112,212.83416628837585
528,30,4,46,0.35332918789696494,0.4794833245814112,221.0003640651703
529,30,4,47,0.1887539884398003,0.4794833245814112,227.33369898796082
530,30,4,48,0.0,0.4794833245814112,230.85335397720337
531,30,4,49,0.20996395417273905,0.4794833245814112,237.11071944236755
532,30,4,50,0.4719108234120699,0.4794833245814112,242.4927361011505
533,30,4,51,0.014210641704168508,0.4794833245814112,248.11702251434326
534,30,4,52,0.0,0.4794833245814112,250.7990005016327
535,30,4,53,0.33190557045110497,0.4794833245814112,257.6777226924896
536,30,4,54,0.2376190783901594,0.4794833245814112,260.36290884017944
537,30,4,55,0.4142257217278781,0.4794833245814112,267.20306849479675
538,30,4,56,0.0,0.4794833245814112,271.0021376609802
539,30,4,57,0.29795973052851243,0.4794833245814112,273.4369013309479
540,30,4,58,0.0,0.4794833245814112,275.83044815063477
541,30,4,59,0.18189897565887025,0.4794833245814112,278.3927948474884
542,30,4,60,0.018641251238328656,0.4794833245814112,283.33796977996826
543,30,4,61,0.2030323933928532,0.4794833245814112,287.7481777667999
544,30,4,62,0.0,0.4794833245814112,290.6076316833496
545,30,4,63,0.22102332822593018,0.4794833245814112,298.6727149486542
546,30,4,64,0.2236613617955463,0.4794833245814112,303.6846008300781
547,30,4,65,0.0,0.4794833245814112,309.7476079463959
548,30,4,66,0.38582578538849044,0.4794833245814112,314.51744318008423
549,30,4,67,0.45742613093740214,0.4794833245814112,318.46348881721497
550,30,4,68,0.0,0.4794833245814112,321.3139798641205
551,30,4,69,0.0,0.4794833245814112,326.48782682418823
552,30,4,70,0.011990267607469601,0.4794833245814112,333.44140625
553,30,4,71,0.3008819895454984,0.4794833245814112,336.0255694389343
554,30,4,72,0.0,0.4794833245814112,341.6899070739746
555,30,4,73,0.19130611826864796,0.4794833245814112,352.29415941238403
556,30,4,74,0.4005145398814666,0.4794833245814112,361.7536292076111
557,30,4,75,0.0,0.4794833245814112,364.42050290107727
558,30,4,76,0.16243523048822503,0.4794833245814112,367.2913644313812
559,30,4,77,0.0,0.4794833245814112,369.3819272518158
560,30,4,78,0.009824845723581093,0.4794833245814112,371.8979027271271
561,30,4,79,0.0,0.4794833245814112,377.015234708786
562,30,4,80,0.18079261612104924,0.4794833245814112,381.81168150901794
563,30,4,81,0.16528141319729375,0.4794833245814112,384.32246804237366
564,30,4,82,0.3317758570260037,0.4794833245814112,390.1042821407318
565,30,4,83,0.0,0.4794833245814112,393.36094093322754
566,30,4,84,0.0,0.4794833245814112,395.80232763290405
567,30,4,85,0.4907800490076273,0.4903096896232203,397.7278878688812
568,30,4,86,0.354067777954313,0.4903096896232203,400.9248299598694
569,30,4,87,0.2970032826906221,0.4903096896232203,408.7891671657562
570,30,4,88,0.38513125311052393,0.4903096896232203,415.86583065986633
571,30,4,89,0.0,0.4903096896232203,418.9324641227722
572,30,4,90,0.3018224980547661,0.4903096896232203,421.5832395553589
573,30,4,91,0.0,0.4903096896232203,424.4944496154785
574,30,4,92,0.27307233360245736,0.4903096896232203,431.83012104034424
575,30,4,93,0.4781449356768701,0.4903096896232203,438.48653388023376
576,30,4,94,0.01838907908219762,0.4903096896232203,443.59572982788086
577,30,4,95,0.23386119031081443,0.4903096896232203,446.5855677127838
578,30,4,96,0.0,0.4903096896232203,451.04305052757263
579,30,4,97,0.0,0.4903096896232203,455.1081283092499
580,30,4,98,0.0,0.4903096896232203,458.3840744495392
581,30,4,99,0.2988320105584723,0.4903096896232203,461.33955907821655
582,30,4,100,0.34727295642403205,0.4903096896232203,464.0040285587311
583,30,4,101,0.13254332382011902,0.4903096896232203,469.89910197257996
584,30,4,102,0.23280225555991269,0.4903096896232203,472.53841400146484
585,30,4,103,0.20191483838529156,0.4903096896232203,479.99749660491943
586,30,4,104,0.013972677413049639,0.4903096896232203,487.5285851955414
587,30,4,105,0.0,0.4903096896232203,493.8241014480591
588,30,4,106,0.23235939225884683,0.4903096896232203,496.4662525653839
589,30,4,107,0.45493898269724914,0.4903096896232203,501.95367789268494
590,30,4,108,0.16117219052295106,0.4903096896232203,513.0764033794403
591,30,4,109,0.0,0.4903096896232203,515.6259744167328
592,30,4,110,0.0,0.4903096896232203,520.1311566829681
593,30,4,111,0.16989875304806928,0.4903096896232203,528.0073754787445
594,30,4,112,0.4153641097003185,0.4903096896232203,531.9809210300446
595,30,4,113,0.0,0.4903096896232203,536.5600347518921
596,30,4,114,0.2997290838181318,0.4903096896232203,540.3051269054413
597,30,5,1,0.20034597774955054,0.1998537602174661,12.252281665802002
598,30,5,2,0.0,0.1998537602174661,15.124909162521362
599,30,5,3,0.0,0.1998537602174661,17.393891096115112
600,30,5,4,0.0,0.1998537602174661,21.243528604507446
601,30,5,5,0.4717157510027885,0.4680996761102924,26.662382125854492
602,30,5,6,0.28752128481705025,0.4680996761102924,29.46019196510315
603,30,5,7,0.4910878829728221,0.48839468767604194,30.72857141494751
604,30,5,8,0.3491610928419026,0.48839468767604194,41.523046255111694
605,30,5,9,0.1427029700139787,0.48839468767604194,47.516095876693726
606,30,5,10,0.3826449641104108,0.48839468767604194,50.130887508392334
607,30,5,11,0.0,0.48839468767604194,52.48505902290344
608,30,5,12,0.0,0.48839468767604194,55.2056245803833
609,30,5,13,0.0,0.48839468767604194,57.624112606048584
610,30,5,14,0.15126171479587988,0.48839468767604194,62.839784145355225
611,30,5,15,0.5227590057406931,0.5227951249148745,73.19249033927917
612,30,5,16,0.0,0.5227951249148745,77.03691792488098
613,30,5,17,0.0,0.5227951249148745,79.62501358985901
614,30,5,18,0.1528819165462614,0.5227951249148745,84.847571849823
615,30,5,19,0.3648702697913355,0.5227951249148745,93.27124094963074
616,30,5,20,0.0,0.5227951249148745,99.01282382011414
617,30,5,21,0.41140820907353515,0.5227951249148745,102.33575820922852
618,30,5,22,0.0,0.5227951249148745,106.16825652122498
619,30,5,23,0.29846291996260815,0.5227951249148745,113.03057980537415
620,30,5,24,0.0,0.5227951249148745,118.23614192008972
621,30,5,25,0.4782815540492853,0.5227951249148745,123.77775692939758
622,30,5,26,0.017300508939280562,0.5227951249148745,128.54728055000305
623,30,5,27,0.30584569716658233,0.5227951249148745,136.7177243232727
624,30,5,28,0.34319684634738284,0.5227951249148745,139.81665968894958
625,30,5,29,0.018020957188718708,0.5227951249148745,144.28636932373047
626,30,5,30,0.0,0.5227951249148745,146.7116436958313
627,30,5,31,0.16753205860181897,0.5227951249148745,149.2634654045105
628,30,5,32,0.3724049914665551,0.5227951249148745,152.00188064575195
629,30,5,33,0.0,0.5227951249148745,157.49956274032593
630,30,5,34,0.0,0.5227951249148745,160.66195464134216
631,30,5,35,0.2803616668698787,0.5227951249148745,164.95750045776367
632,30,5,36,0.23183938659951547,0.5227951249148745,167.9807300567627
633,30,5,37,0.0,0.5227951249148745,173.9590938091278
634,30,5,38,0.0,0.5227951249148745,181.19838571548462
635,30,5,39,0.2722533078984502,0.5227951249148745,193.3404517173767
636,30,5,40,0.0,0.5227951249148745,195.93231749534607
637,30,5,41,0.3381881662422859,0.5227951249148745,201.36542797088623
638,30,5,42,0.0,0.5227951249148745,205.47982692718506
639,30,5,43,0.46280115517793025,0.5227951249148745,210.68236470222473
640,30,5,44,0.0,0.5227951249148745,213.11481928825378
641,30,5,45,0.3793707511014854,0.5227951249148745,220.36713767051697
642,30,5,46,0.38706337876543173,0.5227951249148745,223.17768478393555
643,30,5,47,0.25941292833705587,0.5227951249148745,232.38411664962769
644,30,5,48,0.0,0.5227951249148745,236.64234471321106
645,30,5,49,0.4264628785225091,0.5227951249148745,241.92196607589722
646,30,5,50,0.0,0.5227951249148745,244.33247447013855
647,30,5,51,0.0,0.5227951249148745,248.7135558128357
648,30,5,52,0.475589400762346,0.5227951249148745,254.3969271183014
649,30,5,53,0.13101400654260917,0.5227951249148745,263.2449712753296
650,30,5,54,0.0,0.5227951249148745,266.792298078537
651,30,5,55,0.1615861673540164,0.5227951249148745,276.2812147140503
652,30,5,56,0.2735317491977679,0.5227951249148745,285.17119669914246
653,30,5,57,0.0,0.5227951249148745,287.6393620967865
654,30,5,58,0.46632670878643856,0.5227951249148745,291.43302273750305
655,30,5,59,0.39344257818757733,0.5227951249148745,294.01560044288635
656,30,5,60,0.0,0.5227951249148745,299.9817621707916
657,30,5,61,0.0,0.5227951249148745,302.35667610168457
658,30,5,62,0.0,0.5227951249148745,305.2768955230713
659,30,5,63,0.0,0.5227951249148745,307.64795422554016
660,30,5,64,0.20388761835973881,0.5227951249148745,312.0531177520752
661,30,5,65,0.0,0.5227951249148745,317.16763949394226
662,30,5,66,0.38493743812198233,0.5227951249148745,319.79962968826294
663,30,5,67,0.0,0.5227951249148745,324.2899076938629
664,30,5,68,0.3727879475924681,0.5227951249148745,328.2236661911011
665,30,5,69,0.0,0.5227951249148745,333.4205963611603
666,30,5,70,0.0,0.5227951249148745,337.25198674201965
667,30,5,71,0.2986266123472868,0.5227951249148745,339.91929936408997
668,30,5,72,0.4755159453129499,0.5227951249148745,344.7943274974823
669,30,5,73,0.0,0.5227951249148745,351.27149057388306
670,30,5,74,0.0,0.5227951249148745,354.19553446769714
671,30,5,75,0.11504034724819524,0.5227951249148745,361.65456652641296
672,30,5,76,0.4640526663791232,0.5227951249148745,367.09823656082153
673,30,5,77,0.43044024253847646,0.5227951249148745,375.05460500717163
674,30,5,78,0.3700146134633044,0.5227951249148745,380.9890365600586
675,30,5,79,0.24546991390308268,0.5227951249148745,388.3183057308197
676,30,5,80,0.0,0.5227951249148745,392.69386196136475
677,30,5,81,0.35862010889985013,0.5227951249148745,399.6712338924408
678,30,5,82,0.23922195354236403,0.5227951249148745,402.9060571193695
679,30,5,83,0.35116500463131095,0.5227951249148745,410.7430040836334
680,30,5,84,0.019954417684565653,0.5227951249148745,414.392450094223
681,30,5,85,0.0,0.5227951249148745,421.12085723876953
682,30,5,86,0.4958264029088274,0.5227951249148745,429.34120750427246
683,30,5,87,0.4151983108077985,0.5227951249148745,431.8851833343506
684,30,5,88,0.4595233448911551,0.5227951249148745,439.9686601161957
685,30,5,89,0.0,0.5227951249148745,445.02209067344666
686,30,5,90,0.3558030402696645,0.5227951249148745,449.3060073852539
687,30,5,91,0.2740434805095992,0.5227951249148745,452.0368266105652
688,30,5,92,0.0,0.5227951249148745,454.4327428340912
689,30,5,93,0.01605969787161513,0.5227951249148745,459.47362327575684
690,30,5,94,0.0,0.5227951249148745,462.49414920806885
691,30,5,95,0.012809750296436374,0.5227951249148745,466.4111399650574
692,30,5,96,0.0,0.5227951249148745,472.3090784549713
693,30,5,97,0.46804742781515135,0.5227951249148745,479.40737318992615
694,30,5,98,0.3765205377251192,0.5227951249148745,484.20817589759827
695,30,5,99,0.0,0.5227951249148745,488.76645517349243
696,30,5,100,0.0,0.5227951249148745,493.51079058647156
697,30,5,101,0.0,0.5227951249148745,496.13451886177063
698,30,5,102,0.0,0.5227951249148745,498.51860427856445
699,30,5,103,0.16354264580022881,0.5227951249148745,500.9418053627014
700,30,5,104,0.4647747216733166,0.5227951249148745,505.89364647865295
701,30,5,105,0.33645786555541674,0.5227951249148745,510.8295199871063
702,30,5,106,0.0,0.5227951249148745,513.1937119960785
703,30,5,107,0.3098669829566322,0.5227951249148745,519.950302362442
704,30,5,108,0.24000946425828368,0.5227951249148745,522.832857131958
705,30,5,109,0.0,0.5227951249148745,528.533524274826
706,30,5,110,0.20353028305436074,0.5227951249148745,533.2641308307648
707,30,5,111,0.0,0.5227951249148745,536.3260767459869
708,30,5,112,0.3745324556727069,0.5227951249148745,539.0558590888977
709,30,5,113,0.0,0.5227951249148745,543.934942483902
710,30,6,1,0.32100197107745704,0.32035857961126185,13.258654594421387
711,30,6,2,0.1724149144861109,0.32035857961126185,19.63550353050232
712,30,6,3,0.41415578783805873,0.4151998806137009,22.50793218612671
713,30,6,4,0.38347659962148095,0.4151998806137009,26.751951694488525
714,30,6,5,0.33949405299169594,0.4151998806137009,30.900455474853516
715,30,6,6,0.19770393913608622,0.4151998806137009,35.829307079315186
716,30,6,7,0.008053701053332498,0.4151998806137009,38.438958406448364
717,30,6,8,0.35615644528463325,0.4151998806137009,44.74228310585022
718,30,6,9,0.3133088684369651,0.4151998806137009,47.16404056549072
719,30,6,10,0.26536115338502253,0.4151998806137009,50.98410415649414
720,30,6,11,0.1649257656581489,0.4151998806137009,53.4896240234375
721,30,6,12,0.31424866834595666,0.4151998806137009,56.221110343933105
722,30,6,13,0.41917447209073266,0.42156651222594527,56.75710201263428
723,30,6,14,0.28316852874542864,0.42156651222594527,60.030672788619995
724,30,6,15,0.4677852263389734,0.4695600224226556,63.9904088973999
725,30,6,16,0.0,0.4695600224226556,68.92049360275269
726,30,6,17,0.0,0.4695600224226556,74.58894896507263
727,30,6,18,0.0,0.4695600224226556,78.19852328300476
728,30,6,19,0.0,0.4695600224226556,81.21489214897156
729,30,6,20,0.0,0.4695600224226556,85.16010737419128
730,30,6,21,0.0,0.4695600224226556,88.66749858856201
731,30,6,22,0.013719820890979246,0.4695600224226556,94.37014055252075
732,30,6,23,0.35810126711595,0.4695600224226556,98.51765441894531
733,30,6,24,0.43348333499718084,0.4695600224226556,102.5487322807312
734,30,6,25,0.36469731192495003,0.4695600224226556,105.38515162467957
735,30,6,26,0.009565314028004358,0.4695600224226556,107.82755446434021
736,30,6,27,0.4763820448697805,0.4769141914569543,116.33386778831482
737,30,6,28,0.0,0.4769141914569543,120.04726886749268
738,30,6,29,0.29086649227538736,0.4769141914569543,124.09140515327454
739,30,6,30,0.19956301521993774,0.4769141914569543,128.19045758247375
740,30,6,31,0.0,0.4769141914569543,131.4576804637909
741,30,6,32,0.4644924495396804,0.4769141914569543,137.71711707115173
742,30,6,33,0.24097184020791865,0.4769141914569543,145.75350093841553
743,30,6,34,0.0,0.4769141914569543,148.21378993988037
744,30,6,35,0.0,0.4769141914569543,152.9344618320465
745,30,6,36,0.39800475775538957,0.4769141914569543,156.75566816329956
746,30,6,37,0.16156098876240926,0.4769141914569543,159.36113929748535
747,30,6,38,0.0,0.4769141914569543,163.1334626674652
748,30,6,39,0.3805161942968198,0.4769141914569543,166.07617950439453
749,30,6,40,0.45817837328764716,0.4769141914569543,169.12176513671875
750,30,6,41,0.4567482275006742,0.4769141914569543,175.66210675239563
751,30,6,42,0.0,0.4769141914569543,178.0559515953064
752,30,6,43,0.0,0.4769141914569543,180.59744572639465
753,30,6,44,0.4136841084671571,0.4769141914569543,187.50369143486023
754,30,6,45,0.023383224958218422,0.4769141914569543,191.86184096336365
755,30,6,46,0.0,0.4769141914569543,196.47996759414673
756,30,6,47,0.0,0.4769141914569543,203.18457078933716
757,30,6,48,0.29092314634786326,0.4769141914569543,205.51822209358215
758,30,6,49,0.014723608325057643,0.4769141914569543,211.54924702644348
759,30,6,50,0.3167527380638222,0.4769141914569543,214.14329409599304
760,30,6,51,0.44178097871757493,0.4769141914569543,216.79850578308105
761,30,6,52,0.0,0.4769141914569543,221.1807098388672
762,30,6,53,0.1997529744523268,0.4769141914569543,225.66391134262085
763,30,6,54,0.0,0.4769141914569543,228.443190574646
764,30,6,55,0.0,0.4769141914569543,231.1016561985016
765,30,6,56,0.18961353249255739,0.4769141914569543,239.25371170043945
766,30,6,57,0.18062608243022638,0.4769141914569543,244.04615306854248
767,30,6,58,0.2160264017819206,0.4769141914569543,253.64184522628784
768,30,6,59,0.0,0.4769141914569543,256.16000866889954
769,30,6,60,0.0,0.4769141914569543,258.93009519577026
770,30,6,61,0.0,0.4769141914569543,265.37912797927856
771,30,6,62,0.19148178150811007,0.4769141914569543,267.9981064796448
772,30,6,63,0.0,0.4769141914569543,271.8446536064148
773,30,6,64,0.0,0.4769141914569543,277.162410736084
774,30,6,65,0.0,0.4769141914569543,280.8818826675415
775,30,6,66,0.0,0.4769141914569543,283.41704511642456
776,30,6,67,0.286228618423767,0.4769141914569543,289.5143356323242
777,30,6,68,0.4686858809361381,0.4769141914569543,292.0493743419647
778,30,6,69,0.0,0.4769141914569543,294.7863550186157
779,30,6,70,0.2615689032422411,0.4769141914569543,299.0614724159241
780,30,6,71,0.4167783208152077,0.4769141914569543,303.1569924354553
781,30,6,72,0.20778784843991263,0.4769141914569543,305.6182773113251
782,30,6,73,0.0,0.4769141914569543,308.52534532546997
783,30,6,74,0.32365247589584434,0.4769141914569543,315.216011762619
784,30,6,75,0.2764228737112519,0.4769141914569543,321.0048739910126
785,30,6,76,0.0,0.4769141914569543,325.90672278404236
786,30,6,77,0.2081169861600548,0.4769141914569543,329.31554675102234
787,30,6,78,0.3147603905013991,0.4769141914569543,334.2676956653595
788,30,6,79,0.0,0.4769141914569543,337.87122797966003
789,30,6,80,0.1870610216280698,0.4769141914569543,340.5684380531311
790,30,6,81,0.15822473515254862,0.4769141914569543,343.27066802978516
791,30,6,82,0.0,0.4769141914569543,345.80120396614075
792,30,6,83,0.0,0.4769141914569543,352.63544058799744
793,30,6,84,0.24607911243084168,0.4769141914569543,362.8811454772949
794,30,6,85,0.3608826918572324,0.4769141914569543,365.6285881996155
795,30,6,86,0.0,0.4769141914569543,372.4122805595398
796,30,6,87,0.3402041245350072,0.4769141914569543,383.8189015388489
797,30,6,88,0.0,0.4769141914569543,386.21814799308777
798,30,6,89,0.017356503052638743,0.4769141914569543,389.10120272636414
799,30,6,90,0.10353580897331006,0.4769141914569543,395.5765817165375
800,30,6,91,0.0,0.4769141914569543,401.0335018634796
801,30,6,92,0.0,0.4769141914569543,403.69797563552856
802,30,6,93,0.0,0.4769141914569543,407.5354025363922
803,30,6,94,0.0,0.4769141914569543,413.2967920303345
804,30,6,95,0.45276981646484116,0.4769141914569543,418.0153260231018
805,30,6,96,0.0,0.4769141914569543,424.3576076030731
806,30,6,97,0.469189279898767,0.4769141914569543,433.483993768692
807,30,6,98,0.47320626959753304,0.4769141914569543,436.7883505821228
808,30,6,99,0.0,0.4769141914569543,444.02404832839966
809,30,6,100,0.47338187167455725,0.4769141914569543,449.9980833530426
810,30,6,101,0.41897968627979015,0.4769141914569543,456.5862157344818
811,30,6,102,0.13190282447083126,0.4769141914569543,461.6030240058899
812,30,6,103,0.342373451457959,0.4769141914569543,464.4500300884247
813,30,6,104,0.008097261366780658,0.4769141914569543,466.9778301715851
814,30,6,105,0.0,0.4769141914569543,471.20416927337646
815,30,6,106,0.1627819585270432,0.4769141914569543,473.6613965034485
816,30,6,107,0.0,0.4769141914569543,476.359605550766
817,30,6,108,0.18688992934597495,0.4769141914569543,488.22806668281555
818,30,6,109,0.008466564727845275,0.4769141914569543,490.6420543193817
819,30,6,110,0.016504529103076978,0.4769141914569543,493.3513185977936
820,30,6,111,0.4831673951683658,0.48791613765988057,497.95101976394653
821,30,6,112,0.0,0.48791613765988057,500.36538100242615
822,30,6,113,0.0,0.48791613765988057,505.77642273902893
823,30,6,114,0.3885872644523037,0.48791613765988057,508.95132303237915
824,30,6,115,0.0,0.48791613765988057,520.9227967262268
825,30,6,116,0.0,0.48791613765988057,526.8352386951447
826,30,6,117,0.30564463021417676,0.48791613765988057,529.2760720252991
827,30,6,118,0.18143832377428815,0.48791613765988057,534.2630732059479
828,30,6,119,0.0,0.48791613765988057,540.1319825649261
829,30,7,1,0.016521154824809876,0.016436044587618492,9.008252143859863
830,30,7,2,0.0,0.016436044587618492,13.89337158203125
831,30,7,3,0.3701896558630985,0.3717919898372311,21.17001724243164
832,30,7,4,0.21475465019214512,0.3717919898372311,26.692891120910645
833,30,7,5,0.016097203197073882,0.3717919898372311,32.74348425865173
834,30,7,6,0.3736650003944271,0.37416809890010744,34.2061824798584
835,30,7,7,0.0,0.37416809890010744,37.11846995353699
836,30,7,8,0.0,0.37416809890010744,40.851988792419434
837,30,7,9,0.0,0.37416809890010744,45.4928674697876
838,30,7,10,0.45458191780362944,0.44993685738343264,47.49534869194031
839,30,7,11,0.4520689973657973,0.44993685738343264,53.56416177749634
840,30,7,12,0.015572781442714484,0.44993685738343264,59.09281826019287
841,30,7,13,0.20324368185203545,0.44993685738343264,62.601601123809814
842,30,7,14,0.0,0.44993685738343264,65.9827344417572
843,30,7,15,0.0,0.44993685738343264,70.97573447227478
844,30,7,16,0.0,0.44993685738343264,75.86192035675049
845,30,7,17,0.44827001046727377,0.44993685738343264,81.62155818939209
846,30,7,18,0.0,0.44993685738343264,84.37458920478821
847,30,7,19,0.009409609826732503,0.44993685738343264,86.77665066719055
848,30,7,20,0.16028947700811771,0.44993685738343264,91.93833923339844
849,30,7,21,0.0,0.44993685738343264,94.8738067150116
850,30,7,22,0.0,0.44993685738343264,99.78383040428162
851,30,7,23,0.2967637256712264,0.44993685738343264,106.49997520446777
852,30,7,24,0.0,0.44993685738343264,110.50886082649231
853,30,7,25,0.3479962091309896,0.44993685738343264,116.35071659088135
854,30,7,26,0.0,0.44993685738343264,118.88311624526978
855,30,7,27,0.0,0.44993685738343264,123.22584891319275
856,30,7,28,0.18786152252904498,0.44993685738343264,126.49782419204712
857,30,7,29,0.2334955233644547,0.44993685738343264,129.144602060318
858,30,7,30,0.3171628761250979,0.44993685738343264,134.7443404197693
859,30,7,31,0.0,0.44993685738343264,139.97404265403748
860,30,7,32,0.3511029593828794,0.44993685738343264,143.05249452590942
861,30,7,33,0.0,0.44993685738343264,145.4541118144989
862,30,7,34,0.0,0.44993685738343264,149.05736112594604
863,30,7,35,0.45017837745895406,0.44993685738343264,153.048677444458
864,30,7,36,0.0,0.44993685738343264,156.12106370925903
865,30,7,37,0.022835816594669114,0.44993685738343264,159.40610432624817
866,30,7,38,0.43588300172918315,0.44993685738343264,163.53620100021362
867,30,7,39,0.0,0.44993685738343264,166.07169842720032
868,30,7,40,0.42227867045413847,0.44993685738343264,171.21604251861572
869,30,7,41,0.1519576058865461,0.44993685738343264,174.3619041442871
870,30,7,42,0.0,0.44993685738343264,177.13642930984497
871,30,7,43,0.020507828796129318,0.44993685738343264,180.22362422943115
872,30,7,44,0.0,0.44993685738343264,183.82954788208008
873,30,7,45,0.017114201970037945,0.44993685738343264,187.25744795799255
874,30,7,46,0.0,0.44993685738343264,189.96144247055054
875,30,7,47,0.25622878937261595,0.44993685738343264,193.96297931671143
876,30,7,48,0.0,0.44993685738343264,201.3166308403015
877,30,7,49,0.4584057201872166,0.4575795644004499,207.77303338050842
878,30,7,50,0.24316197216171756,0.4575795644004499,210.472314119339
879,30,7,51,0.012900954572222996,0.4575795644004499,218.88304328918457
880,30,7,52,0.0,0.4575795644004499,225.02364420890808
881,30,7,53,0.0,0.4575795644004499,228.70898365974426
882,30,7,54,0.19802614099434748,0.4575795644004499,233.08328890800476
883,30,7,55,0.0,0.4575795644004499,235.9863154888153
884,30,7,56,0.3681778870278193,0.4575795644004499,241.08422470092773
885,30,7,57,0.0,0.4575795644004499,246.0499324798584
886,30,7,58,0.3475957728937083,0.4575795644004499,250.09872269630432
887,30,7,59,0.0,0.4575795644004499,254.72133994102478
888,30,7,60,0.3880500069536075,0.4575795644004499,263.6551058292389
889,30,7,61,0.0,0.4575795644004499,269.1232340335846
890,30,7,62,0.3893877572921699,0.4575795644004499,272.47078466415405
891,30,7,63,0.0,0.4575795644004499,275.63772320747375
892,30,7,64,0.01973458288133758,0.4575795644004499,280.1649489402771
893,30,7,65,0.007270012981115523,0.4575795644004499,282.6011838912964
894,30,7,66,0.0,0.4575795644004499,286.9579875469208
895,30,7,67,0.20943875493259115,0.4575795644004499,292.72170424461365
896,30,7,68,0.21051076403516267,0.4575795644004499,296.9930033683777
897,30,7,69,0.0,0.4575795644004499,299.3207149505615
898,30,7,70,0.0,0.4575795644004499,302.25973987579346
899,30,7,71,0.0,0.4575795644004499,305.7571303844452
900,30,7,72,0.00805580821727116,0.4575795644004499,309.63892912864685
901,30,7,73,0.0,0.4575795644004499,315.3395183086395
902,30,7,74,0.01588269910930063,0.4575795644004499,319.2101299762726
903,30,7,75,0.45243910037096796,0.4575795644004499,322.6324586868286
904,30,7,76,0.37323180130308176,0.4575795644004499,327.8924067020416
905,30,7,77,0.3133434129284338,0.4575795644004499,333.4900965690613
906,30,7,78,0.46371132156812217,0.463056883412682,345.0771291255951
907,30,7,79,0.3017732976725535,0.463056883412682,354.6972978115082
908,30,7,80,0.4698723287168245,0.47180511993262214,359.72434639930725
909,30,7,81,0.0,0.47180511993262214,363.64643120765686
910,30,7,82,0.3805297463184335,0.47180511993262214,366.1698935031891
911,30,7,83,0.3168183436295043,0.47180511993262214,368.7865912914276
912,30,7,84,0.31610506069994687,0.47180511993262214,372.16635274887085
913,30,7,85,0.28804709230357545,0.47180511993262214,382.2446434497833
914,30,7,86,0.0,0.47180511993262214,386.22237396240234
915,30,7,87,0.26039134771884886,0.47180511993262214,391.2291429042816
916,30,7,88,0.01164031311837619,0.47180511993262214,397.7569465637207
917,30,7,89,0.0,0.47180511993262214,403.10739040374756
918,30,7,90,0.23669598471610084,0.47180511993262214,410.77636766433716
919,30,7,91,0.49420396033637015,0.49156588023093634,412.83800649642944
920,30,7,92,0.1661506061655275,0.49156588023093634,415.84872126579285
921,30,7,93,0.27020938618870516,0.49156588023093634,420.7111372947693
922,30,7,94,0.0,0.49156588023093634,424.96689224243164
923,30,7,95,0.22486052900224193,0.49156588023093634,429.4090528488159
924,30,7,96,0.36695748569029435,0.49156588023093634,433.3849992752075
925,30,7,97,0.2045121790585869,0.49156588023093634,439.7250497341156
926,30,7,98,0.1980835102789408,0.49156588023093634,445.8012282848358
927,30,7,99,0.4235935255780906,0.49156588023093634,448.30677556991577
928,30,7,100,0.20915487390117823,0.49156588023093634,454.3498549461365
929,30,7,101,0.49190571591941074,0.49156588023093634,458.4703485965729
930,30,7,102,0.0,0.49156588023093634,462.32374477386475
931,30,7,103,0.0,0.49156588023093634,465.22918581962585
932,30,7,104,0.0,0.49156588023093634,467.8699140548706
933,30,7,105,0.0,0.49156588023093634,471.19204354286194
934,30,7,106,0.34731700493027,0.49156588023093634,476.4875485897064
935,30,7,107,0.014885371739688878,0.49156588023093634,482.4865846633911
936,30,7,108,0.23938740703951403,0.49156588023093634,485.0117828845978
937,30,7,109,0.14147591494639075,0.49156588023093634,487.98807978630066
938,30,7,110,0.38058652746164195,0.49156588023093634,492.39816308021545
939,30,7,111,0.012588199051672364,0.49156588023093634,496.91539549827576
940,30,7,112,0.15998456463312652,0.49156588023093634,500.71565771102905
941,30,7,113,0.0,0.49156588023093634,506.8188371658325
942,30,7,114,0.16545565279669855,0.49156588023093634,509.4622895717621
943,30,7,115,0.0,0.49156588023093634,513.6908712387085
944,30,7,116,0.0,0.49156588023093634,517.3767457008362
945,30,7,117,0.0,0.49156588023093634,522.4406826496124
946,30,7,118,0.33816838823723233,0.49156588023093634,533.4092109203339
947,30,7,119,0.4482642400924857,0.49156588023093634,538.137610912323
948,30,7,120,0.0,0.49156588023093634,541.7524111270905
949,30,8,1,0.14122352668110918,0.14278044396967318,28.217731952667236
950,30,8,2,0.36053995753437484,0.35988160795983404,22.078290939331055
951,30,8,3,0.32941873204031286,0.35988160795983404,27.73848819732666
952,30,8,4,0.0,0.35988160795983404,32.618788719177246
953,30,8,5,0.0,0.35988160795983404,35.019606828689575
954,30,8,6,0.0,0.35988160795983404,37.69969630241394
955,30,8,7,0.0,0.35988160795983404,41.76181626319885
956,30,8,8,0.4915791924374599,0.4944499432114965,46.6347975730896
957,30,8,9,0.0,0.4944499432114965,50.34379959106445
958,30,8,10,0.0,0.4944499432114965,54.835503578186035
959,30,8,11,0.0,0.4944499432114965,57.9766685962677
960,30,8,12,0.2825902459748768,0.4944499432114965,60.94643568992615
961,30,8,13,0.15201344956653648,0.4944499432114965,68.00903224945068
962,30,8,14,0.4354022826503068,0.4944499432114965,72.43982124328613
963,30,8,15,0.0,0.4944499432114965,75.06316828727722
964,30,8,16,0.19262944893421913,0.4944499432114965,77.61718201637268
965,30,8,17,0.0,0.4944499432114965,83.09039330482483
966,30,8,18,0.49376964005866586,0.4924806291161116,85.43499803543091
967,30,8,19,0.19576651650698193,0.4924806291161116,90.17852854728699
968,30,8,20,0.20969323829190042,0.4924806291161116,94.20406484603882
969,30,8,21,0.46154853765861925,0.4924806291161116,100.13788485527039
970,30,8,22,0.0,0.4924806291161116,103.09270453453064
971,30,8,23,0.30132318053367857,0.4924806291161116,109.80020952224731
972,30,8,24,0.3023517028416531,0.4924806291161116,117.75360941886902
973,30,8,25,0.0,0.4924806291161116,122.65259027481079
974,30,8,26,0.37572919610207123,0.4924806291161116,126.06292963027954
975,30,8,27,0.34852022056622184,0.4924806291161116,129.7187807559967
976,30,8,28,0.0,0.4924806291161116,134.22710490226746
977,30,8,29,0.0,0.4924806291161116,138.86971998214722
978,30,8,30,0.0,0.4924806291161116,143.51718020439148
979,30,8,31,0.18712922487860711,0.4924806291161116,148.34052348136902
980,30,8,32,0.015319870723637182,0.4924806291161116,152.5461447238922
981,30,8,33,0.0,0.4924806291161116,155.38021802902222
982,30,8,34,0.0,0.4924806291161116,157.840646982193
983,30,8,35,0.4048957681446265,0.4924806291161116,165.88066267967224
984,30,8,36,0.0,0.4924806291161116,172.10567164421082
985,30,8,37,0.5083346559839179,0.5090109444222929,179.0316185951233
986,30,8,38,0.3090779140521496,0.5090109444222929,184.41800713539124
987,30,8,39,0.01766422881289236,0.5090109444222929,188.64223766326904
988,30,8,40,0.0,0.5090109444222929,191.37941098213196
989,30,8,41,0.19560515561578826,0.5090109444222929,200.53623485565186
990,30,8,42,0.15583746038314,0.5090109444222929,204.13205885887146
991,30,8,43,0.0,0.5090109444222929,207.92430543899536
992,30,8,44,0.0,0.5090109444222929,210.28150177001953
993,30,8,45,0.3846298852121277,0.5090109444222929,212.89009499549866
994,30,8,46,0.0,0.5090109444222929,215.17090153694153
995,30,8,47,0.1880378306437276,0.5090109444222929,221.85988020896912
996,30,8,48,0.0,0.5090109444222929,224.40532279014587
997,30,8,49,0.27641724886906904,0.5090109444222929,231.8873426914215
998,30,8,50,0.4426467240875058,0.5090109444222929,236.3734200000763
999,30,8,51,0.012337721474046309,0.5090109444222929,242.91233277320862
1000,30,8,52,0.34475738095467967,0.5090109444222929,246.14087629318237
1001,30,8,53,0.39112402788295,0.5090109444222929,251.60588836669922
1002,30,8,54,0.19280943682854595,0.5090109444222929,258.38749527931213
1003,30,8,55,0.38411193099030505,0.5090109444222929,262.05920481681824
1004,30,8,56,0.0,0.5090109444222929,268.63640880584717
1005,30,8,57,0.0,0.5090109444222929,271.25313091278076
1006,30,8,58,0.0,0.5090109444222929,274.0223710536957
1007,30,8,59,0.43452378153387444,0.5090109444222929,276.569313287735
1008,30,8,60,0.017019411479795694,0.5090109444222929,283.1246962547302
1009,30,8,61,0.0,0.5090109444222929,286.3373906612396
1010,30,8,62,0.36876655262567304,0.5090109444222929,289.9424538612366
1011,30,8,63,0.18447832630572902,0.5090109444222929,295.99969482421875
1012,30,8,64,0.0,0.5090109444222929,300.149790763855
1013,30,8,65,0.41918691240971395,0.5090109444222929,303.51721692085266
1014,30,8,66,0.0,0.5090109444222929,306.27898120880127
1015,30,8,67,0.2463046385250651,0.5090109444222929,312.25361466407776
1016,30,8,68,0.01653996511210385,0.5090109444222929,317.9784348011017
1017,30,8,69,0.20522153783448988,0.5090109444222929,325.2612247467041
1018,30,8,70,0.21206074071425296,0.5090109444222929,330.4368042945862
1019,30,8,71,0.20994964675166566,0.5090109444222929,336.1482720375061
1020,30,8,72,0.0,0.5090109444222929,340.22838735580444
1021,30,8,73,0.1803757222503998,0.5090109444222929,346.53498363494873
1022,30,8,74,0.37901253409115865,0.5090109444222929,353.68628907203674
1023,30,8,75,0.0,0.5090109444222929,357.1365749835968
1024,30,8,76,0.0,0.5090109444222929,359.5087106227875
1025,30,8,77,0.02044368046476566,0.5090109444222929,362.41605830192566
1026,30,8,78,0.0,0.5090109444222929,369.1196699142456
1027,30,8,79,0.0,0.5090109444222929,373.9200122356415
1028,30,8,80,0.20454894982760466,0.5090109444222929,377.2633481025696
1029,30,8,81,0.0,0.5090109444222929,382.54282212257385
1030,30,8,82,0.018318139042620536,0.5090109444222929,386.6183454990387
1031,30,8,83,0.0,0.5090109444222929,391.65281343460083
1032,30,8,84,0.47812880828197657,0.5090109444222929,398.9354929924011
1033,30,8,85,0.0,0.5090109444222929,401.7285809516907
1034,30,8,86,0.43617570152250046,0.5090109444222929,404.36117911338806
1035,30,8,87,0.45952723495041137,0.5090109444222929,410.87553334236145
1036,30,8,88,0.0,0.5090109444222929,413.48622822761536
1037,30,8,89,0.009561998853110753,0.5090109444222929,416.4612934589386
1038,30,8,90,0.0,0.5090109444222929,418.95115661621094
1039,30,8,91,0.26921750259608723,0.5090109444222929,425.0934970378876
1040,30,8,92,0.0,0.5090109444222929,427.6396903991699
1041,30,8,93,0.2861599778469985,0.5090109444222929,435.69742226600647
1042,30,8,94,0.15749550272153434,0.5090109444222929,438.7785768508911
1043,30,8,95,0.0,0.5090109444222929,441.29953122138977
1044,30,8,96,0.0,0.5090109444222929,444.14392948150635
1045,30,8,97,0.0,0.5090109444222929,446.9744393825531
1046,30,8,98,0.20567992144122355,0.5090109444222929,452.20583868026733
1047,30,8,99,0.3356675128068239,0.5090109444222929,454.7693588733673
1048,30,8,100,0.0,0.5090109444222929,461.780558347702
1049,30,8,101,0.19206405664628043,0.5090109444222929,464.69390320777893
1050,30,8,102,0.28602623947364575,0.5090109444222929,470.3394720554352
1051,30,8,103,0.0,0.5090109444222929,472.82115721702576
1052,30,8,104,0.45272290428730905,0.5090109444222929,480.0671784877777
1053,30,8,105,0.0,0.5090109444222929,484.142302274704
1054,30,8,106,0.3954919683062711,0.5090109444222929,488.63182830810547
1055,30,8,107,0.48854862771941626,0.5090109444222929,495.2049825191498
1056,30,8,108,0.21163985390041581,0.5090109444222929,498.18783688545227
1057,30,8,109,0.19345035383915055,0.5090109444222929,504.34488701820374
1058,30,8,110,0.0,0.5090109444222929,510.17907786369324
1059,30,8,111,0.0,0.5090109444222929,515.6713235378265
1060,30,8,112,0.1600600569351193,0.5090109444222929,518.226316690445
1061,30,8,113,0.0,0.5090109444222929,523.2697303295135
1062,30,8,114,0.2060520423297777,0.5090109444222929,528.620888710022
1063,30,8,115,0.1834710059251386,0.5090109444222929,533.3293449878693
1064,30,8,116,0.3175581481334614,0.5090109444222929,538.119776725769
1065,30,8,117,0.3869290810044526,0.5090109444222929,545.2192213535309
1066,30,9,1,0.0,0.0,6.630870819091797
1067,30,9,2,0.0,0.0,9.957282304763794
1068,30,9,3,0.21144750334177273,0.20997556283099442,12.83041763305664
1069,30,9,4,0.0,0.20997556283099442,16.567058086395264
1070,30,9,5,0.43053329443425176,0.431569296165012,24.033072471618652
1071,30,9,6,0.30308850046676916,0.431569296165012,28.846518754959106
1072,30,9,7,0.33121914290971577,0.431569296165012,37.71445655822754
1073,30,9,8,0.37461973402882376,0.431569296165012,45.23120951652527
1074,30,9,9,0.012050971990675481,0.431569296165012,50.72206664085388
1075,30,9,10,0.3880678976138859,0.431569296165012,53.500970125198364
1076,30,9,11,0.17526293799308637,0.431569296165012,58.65098524093628
1077,30,9,12,0.0,0.431569296165012,60.93081521987915
1078,30,9,13,0.015490367896715389,0.431569296165012,66.74615526199341
1079,30,9,14,0.46175440288450037,0.4618637464162614,69.48876476287842
1080,30,9,15,0.0,0.4618637464162614,74.45843482017517
1081,30,9,16,0.0,0.4618637464162614,76.8483943939209
1082,30,9,17,0.0,0.4618637464162614,79.33885216712952
1083,30,9,18,0.0,0.4618637464162614,83.96175861358643
1084,30,9,19,0.4798298452820739,0.47949842921775504,86.71385145187378
1085,30,9,20,0.3259943452992526,0.47949842921775504,92.19291400909424
1086,30,9,21,0.0,0.47949842921775504,94.71034264564514
1087,30,9,22,0.018828164165851542,0.47949842921775504,99.23770523071289
1088,30,9,23,0.26844979002045893,0.47949842921775504,101.70486640930176
1089,30,9,24,0.189379074837466,0.47949842921775504,106.52188873291016
1090,30,9,25,0.3896755227227236,0.47949842921775504,109.78601408004761
1091,30,9,26,0.413556490509549,0.47949842921775504,112.27194333076477
1092,30,9,27,0.2117195103627133,0.47949842921775504,116.17286682128906
1093,30,9,28,0.2877896260201539,0.47949842921775504,125.56423544883728
1094,30,9,29,0.0,0.47949842921775504,130.51417469978333
1095,30,9,30,0.35570729516425625,0.47949842921775504,137.40071630477905
1096,30,9,31,0.16148670482367258,0.47949842921775504,140.22217273712158
1097,30,9,32,0.344118269565206,0.47949842921775504,149.4476194381714
1098,30,9,33,0.20703805830156646,0.47949842921775504,152.45339918136597
1099,30,9,34,0.36417412759609197,0.47949842921775504,160.9063220024109
1100,30,9,35,0.014862316613726117,0.47949842921775504,164.1854636669159
1101,30,9,36,0.3846295007432688,0.47949842921775504,172.30964279174805
1102,30,9,37,0.19714459922589572,0.47949842921775504,174.84848475456238
1103,30,9,38,0.23912111216675686,0.47949842921775504,177.610657453537
1104,30,9,39,0.16889462519393122,0.47949842921775504,180.0962917804718
1105,30,9,40,0.2257394680446312,0.47949842921775504,184.80982732772827
1106,30,9,41,0.0,0.47949842921775504,188.61409330368042
1107,30,9,42,0.24828587966576326,0.47949842921775504,191.17797756195068
1108,30,9,43,0.44705776627265736,0.47949842921775504,195.56218147277832
1109,30,9,44,0.20736397297897438,0.47949842921775504,198.22153615951538
1110,30,9,45,0.0,0.47949842921775504,201.6816644668579
1111,30,9,46,0.0,0.47949842921775504,208.33837914466858
1112,30,9,47,0.40166894438494033,0.47949842921775504,210.86249995231628
1113,30,9,48,0.0,0.47949842921775504,213.2230305671692
1114,30,9,49,0.2011502402259539,0.47949842921775504,217.83514308929443
1115,30,9,50,0.0,0.47949842921775504,223.53011322021484
1116,30,9,51,0.00999978978062005,0.47949842921775504,226.1207194328308
1117,30,9,52,0.23418051561091452,0.47949842921775504,229.1413242816925
1118,30,9,53,0.37793938020659257,0.47949842921775504,231.77880454063416
1119,30,9,54,0.4481794981858242,0.47949842921775504,235.21395993232727
1120,30,9,55,0.4800257896506485,0.4789589182104483,237.7823326587677
1121,30,9,56,0.0,0.4789589182104483,240.3161597251892
1122,30,9,57,0.45921284779281185,0.4789589182104483,242.95751547813416
1123,30,9,58,0.0,0.4789589182104483,245.82656478881836
1124,30,9,59,0.2511200231759303,0.4789589182104483,248.49057698249817
1125,30,9,60,0.19999061905711793,0.4789589182104483,251.2830364704132
1126,30,9,61,0.3499519132991978,0.4789589182104483,256.2038884162903
1127,30,9,62,0.016154091250415777,0.4789589182104483,262.86013984680176
1128,30,9,63,0.0,0.4789589182104483,265.3251805305481
1129,30,9,64,0.4415109874607207,0.4789589182104483,268.59628534317017
1130,30,9,65,0.2351383868406833,0.4789589182104483,271.3155565261841
1131,30,9,66,0.1782798831692416,0.4789589182104483,281.0755774974823
1132,30,9,67,0.0,0.4789589182104483,283.48162603378296
1133,30,9,68,0.0,0.4789589182104483,289.8194797039032
1134,30,9,69,0.2794891360006076,0.4789589182104483,296.9468443393707
1135,30,9,70,0.013700080315105471,0.4789589182104483,303.03579807281494
1136,30,9,71,0.0,0.4789589182104483,306.33796215057373
1137,30,9,72,0.23058637829599105,0.4789589182104483,309.02409625053406
1138,30,9,73,0.0,0.4789589182104483,312.0292365550995
1139,30,9,74,0.0,0.4789589182104483,316.62172269821167
1140,30,9,75,0.28065869571154056,0.4789589182104483,319.3280816078186
1141,30,9,76,0.0,0.4789589182104483,321.5965781211853
1142,30,9,77,0.0,0.4789589182104483,324.52194809913635
1143,30,9,78,0.2978202003312928,0.4789589182104483,330.2596573829651
1144,30,9,79,0.0076022274575564715,0.4789589182104483,332.81264781951904
1145,30,9,80,0.29439978766842767,0.4789589182104483,338.3710150718689
1146,30,9,81,0.11816655978514355,0.4789589182104483,348.59260392189026
1147,30,9,82,0.0,0.4789589182104483,352.5999643802643
1148,30,9,83,0.5118676490348821,0.5120745233367444,360.0830752849579
1149,30,9,84,0.437808877190663,0.5120745233367444,367.0944790840149
1150,30,9,85,0.018590612152369353,0.5120745233367444,371.8374111652374
1151,30,9,86,0.4027952521317218,0.5120745233367444,379.3987944126129
1152,30,9,87,0.0,0.5120745233367444,383.41461181640625
1153,30,9,88,0.20834195946205877,0.5120745233367444,386.55487871170044
1154,30,9,89,0.1726863254400197,0.5120745233367444,390.0758464336395
1155,30,9,90,0.0,0.5120745233367444,393.5498003959656
1156,30,9,91,0.18105392527296357,0.5120745233367444,400.45742678642273
1157,30,9,92,0.21393295966988443,0.5120745233367444,405.4027121067047
1158,30,9,93,0.0,0.5120745233367444,409.06135296821594
1159,30,9,94,0.0,0.5120745233367444,413.20942544937134
1160,30,9,95,0.34120339076374684,0.5120745233367444,416.40232968330383
1161,30,9,96,0.19255552875298929,0.5120745233367444,421.34454870224
1162,30,9,97,0.0,0.5120745233367444,425.6623523235321
1163,30,9,98,0.19046004680070322,0.5120745233367444,433.3709852695465
1164,30,9,99,0.01847047839718061,0.5120745233367444,437.1990201473236
1165,30,9,100,0.0,0.5120745233367444,439.50288820266724
1166,30,9,101,0.19634085908619084,0.5120745233367444,446.68400263786316
1167,30,9,102,0.1626497950199379,0.5120745233367444,451.0383985042572
1168,30,9,103,0.0,0.5120745233367444,453.9126296043396
1169,30,9,104,0.0,0.5120745233367444,457.8368010520935
1170,30,9,105,0.40664509703618446,0.5120745233367444,461.37127923965454
1171,30,9,106,0.0,0.5120745233367444,464.4854156970978
1172,30,9,107,0.18352590203345454,0.5120745233367444,469.43070125579834
1173,30,9,108,0.4734792906043856,0.5120745233367444,470.3513226509094
1174,30,9,109,0.14793668415480293,0.5120745233367444,482.06004524230957
1175,30,9,110,0.487321976360677,0.5120745233367444,488.23691630363464
1176,30,9,111,0.33864377405770124,0.5120745233367444,494.83251905441284
1177,30,9,112,0.35675592699693837,0.5120745233367444,501.14724826812744
1178,30,9,113,0.4046211270528166,0.5120745233367444,503.9199924468994
1179,30,9,114,0.022808793878840133,0.5120745233367444,507.08531856536865
1180,30,9,115,0.19433639531148894,0.5120745233367444,509.7734549045563
1181,30,9,116,0.0,0.5120745233367444,513.5217940807343
1182,30,9,117,0.0,0.5120745233367444,516.6474492549896
1183,30,9,118,0.17101647447257565,0.5120745233367444,519.382566690445
1184,30,9,119,0.0,0.5120745233367444,523.4539661407471
1185,30,9,120,0.0,0.5120745233367444,526.676525592804
1186,30,9,121,0.19175971119742977,0.5120745233367444,531.0617492198944
1187,30,9,122,0.4649265802004906,0.5120745233367444,535.5968577861786
1188,30,9,123,0.0,0.5120745233367444,537.9566774368286
1189,30,9,124,0.18278023359834605,0.5120745233367444,542.9134466648102
