,accuracy,train_seed,n_gen,n_ep,n_steps,reward
0,0.4,2,0,20,8000,-18.30282733493776
1,0.4,2,1,40,16000,-19.944676530496988
2,0.4,2,2,60,24000,-2.219141275429856
3,0.4,2,3,80,32000,-10.746425456863888
4,0.4,2,4,100,40000,-28.080241414836582
5,0.4,2,5,120,48000,9.396989742483884
6,0.4,2,6,140,56000,12.134012076584067
7,0.4,2,7,160,64000,19.658277258205153
8,0.4,2,8,180,72000,-19.944706704421673
9,0.4,2,9,200,80000,-8.456871488347124
10,0.4,2,10,220,88000,-19.944706704421673
11,0.4,2,11,240,96000,40.77119257128176
12,0.4,2,12,260,104000,-8.620880928186617
13,0.4,2,13,280,112000,15.317434175919464
14,0.4,2,14,300,120000,-1.3775052978595916
15,0.4,2,15,320,128000,9.614228948181701
16,0.4,2,16,340,136000,26.15309048891289
17,0.4,2,17,360,144000,13.335908002339654
18,0.4,2,18,380,152000,21.0849487383015
19,0.4,2,19,400,160000,73.63002850823538
20,0.4,2,20,420,168000,12.934773508900921
21,0.4,2,21,440,176000,-8.376730142475125
22,0.4,2,22,460,184000,17.872998094635967
23,0.4,2,23,480,192000,1.1320099656996425
24,0.4,2,24,500,200000,-12.103710819448727
25,0.4,2,25,520,208000,43.352768919556944
26,0.4,2,26,540,216000,-15.720962832751422
27,0.4,2,27,560,224000,27.582471889882413
28,0.4,2,28,580,232000,-10.454215872376185
29,0.4,2,29,600,240000,2.0128012101343806
30,0.4,2,30,620,248000,31.729559642175598
31,0.4,2,31,640,256000,14.931315052679532
32,0.4,2,32,660,264000,-20.220644273368645
33,0.4,2,33,680,272000,25.857148723423954
34,0.4,2,34,700,280000,11.025181844226887
35,0.4,2,35,720,288000,81.63116358412006
36,0.4,2,36,740,296000,105.18424484109451
37,0.4,2,37,760,304000,100.59502943995645
38,0.4,2,38,780,312000,200.44402647155658
39,0.4,2,39,800,320000,199.57596275140287
40,0.4,2,40,820,328000,231.81958428915428
41,0.4,2,41,840,336000,68.85545144833488
42,0.4,2,42,860,344000,49.60176031047779
43,0.4,2,43,880,352000,1.0920684022425857
44,0.4,2,44,900,360000,173.81355485855084
45,0.4,2,45,920,368000,120.79735225459515
46,0.4,2,46,940,376000,208.625203731056
47,0.4,2,47,960,384000,186.0665510212395
48,0.4,2,48,980,392000,111.28931376085673
49,0.4,2,49,1000,400000,178.3378100977459
50,0.4,2,50,1020,408000,228.93268875804637
51,0.4,2,51,1040,416000,290.9604334397907
52,0.4,2,52,1060,424000,38.097399287767914
53,0.4,2,53,1080,432000,179.10802369277326
54,0.4,2,54,1100,440000,247.0520078830275
55,0.4,2,55,1120,448000,29.104012795993736
56,0.4,2,56,1140,456000,21.89744953425393
57,0.4,2,57,1160,464000,227.10397992382462
58,0.4,2,58,1180,472000,155.39883560256447
59,0.4,2,59,1200,480000,165.00257817487744
60,0.4,2,60,1220,488000,270.92215965653924
61,0.4,2,61,1240,496000,239.162529295831
62,0.4,2,62,1260,504000,77.02371318132663
63,0.4,2,63,1280,512000,242.8811171291799
64,0.4,2,64,1300,520000,230.56637441413127
65,0.4,2,65,1320,528000,247.44306198828048
66,0.4,2,66,1340,536000,189.6046971927738
67,0.4,2,67,1360,544000,224.19883313326667
68,0.4,2,68,1380,552000,64.10733140885527
69,0.4,2,69,1400,560000,274.42739458786593
70,0.4,2,70,1420,568000,233.3679880758322
71,0.4,2,71,1440,576000,233.43631902902683
72,0.4,2,72,1460,584000,61.51300236278691
73,0.4,2,73,1480,592000,83.52068439044658
74,0.4,2,74,1500,600000,212.43776528459438
75,0.4,2,75,1520,608000,238.0277482088646
76,0.4,2,76,1540,616000,188.98895266438993
77,0.4,2,77,1560,624000,305.4182473222796
78,0.4,2,78,1580,632000,274.03099778592684
79,0.4,2,79,1600,640000,256.35106375856213
80,0.4,2,80,1620,648000,294.25387724103047
81,0.4,2,81,1640,656000,275.3923558311941
82,0.4,2,82,1660,664000,298.54011983584707
83,0.4,2,83,1680,672000,291.0866111243358
84,0.4,2,84,1700,680000,286.15478658140694
85,0.4,2,85,1720,688000,138.622668517278
86,0.4,2,86,1740,696000,-63.41797674679653
87,0.4,2,87,1760,704000,166.56702411273938
88,0.4,2,88,1780,712000,148.0619698319594
89,0.4,2,89,1800,720000,78.1371920693542
90,0.4,2,90,1820,728000,282.8519876576953
91,0.4,2,91,1840,736000,-29.917817524325272
92,0.4,2,92,1860,744000,-14.697597709663356
93,0.4,2,93,1880,752000,143.75120705270734
94,0.4,2,94,1900,760000,177.93256591249516
95,0.4,2,95,1920,768000,262.1282342799639
96,0.4,2,96,1940,776000,-3.535689667624838
97,0.4,2,97,1960,784000,45.08839914386472
98,0.4,2,98,1980,792000,275.1801400739645
99,0.4,2,99,2000,800000,92.57729812855129
100,0.4,2,100,2020,808000,60.15240961875973
101,0.4,2,101,2040,816000,200.0069632977731
102,0.4,2,102,2060,824000,117.1764179607807
103,0.4,2,103,2080,832000,278.27314749854514
104,0.4,2,104,2100,840000,127.63196467451355
105,0.4,2,105,2120,848000,264.92143648947683
106,0.4,2,106,2140,856000,135.80010986127138
107,0.4,2,107,2160,864000,168.8585143524155
108,0.4,2,108,2180,872000,47.173440050470255
109,0.4,2,109,2200,880000,70.24307709953945
110,0.4,2,110,2220,888000,304.7958599648294
111,0.4,2,111,2240,896000,263.42221740754474
112,0.4,2,112,2260,904000,-28.16371335156533
113,0.4,2,113,2280,912000,170.7169860412847
114,0.4,2,114,2300,920000,148.99657494654122
115,0.4,2,115,2320,928000,84.33785132328676
116,0.4,2,116,2340,936000,299.0244108143942
117,0.4,2,117,2360,944000,87.73439611694754
118,0.4,2,118,2380,952000,170.95634448879997
119,0.4,2,119,2400,960000,59.585100828013275
120,0.4,2,120,2420,968000,27.336080587363575
121,0.4,2,121,2440,976000,311.4297608879965
122,0.4,2,122,2460,984000,11.062088068263963
123,0.4,2,123,2480,992000,189.91542251244098
124,0.4,2,124,2500,1000000,334.76462441583476
125,0.4,3,0,20,8000,-20.354801656698243
126,0.4,3,1,40,16000,-22.0478763110746
127,0.4,3,2,60,24000,-7.905241152007493
128,0.4,3,3,80,32000,-26.16650254267838
129,0.4,3,4,100,40000,16.416431988332363
130,0.4,3,5,120,48000,-12.01329082414522
131,0.4,3,6,140,56000,-23.328437609679888
132,0.4,3,7,160,64000,-25.705266093903685
133,0.4,3,8,180,72000,-26.3891046802309
134,0.4,3,9,200,80000,9.608866094219978
135,0.4,3,10,220,88000,-14.585083158747796
136,0.4,3,11,240,96000,-9.383028214289379
137,0.4,3,12,260,104000,21.903085923246714
138,0.4,3,13,280,112000,-3.130672790288821
139,0.4,3,14,300,120000,-16.07283114131029
140,0.4,3,15,320,128000,9.614228948181701
141,0.4,3,16,340,136000,-18.121971098458683
142,0.4,3,17,360,144000,9.614228948181701
143,0.4,3,18,380,152000,14.870505316560884
144,0.4,3,19,400,160000,28.193381021291383
145,0.4,3,20,420,168000,-0.38935203529817597
146,0.4,3,21,440,176000,-19.944706704421673
147,0.4,3,22,460,184000,21.059246195218872
148,0.4,3,23,480,192000,9.613780868958937
149,0.4,3,24,500,200000,24.80858271481077
150,0.4,3,25,520,208000,11.84426113586283
151,0.4,3,26,540,216000,24.821711624824566
152,0.4,3,27,560,224000,-17.030843088499537
153,0.4,3,28,580,232000,-4.770139294914452
154,0.4,3,29,600,240000,-128.34973305778885
155,0.4,3,30,620,248000,24.628092388212483
156,0.4,3,31,640,256000,227.01687784555625
157,0.4,3,32,660,264000,-19.93757185726708
158,0.4,3,33,680,272000,20.545340051645137
159,0.4,3,34,700,280000,-8.650135342449975
160,0.4,3,35,720,288000,-37.676097253628505
161,0.4,3,36,740,296000,-32.92328249386573
162,0.4,3,37,760,304000,114.36975031392085
163,0.4,3,38,780,312000,17.15207963276087
164,0.4,3,39,800,320000,-4.678641803798596
165,0.4,3,40,820,328000,179.76637713721146
166,0.4,3,41,840,336000,48.895992551524245
167,0.4,3,42,860,344000,-23.15214354999153
168,0.4,3,43,880,352000,81.13386938338768
169,0.4,3,44,900,360000,25.885161346246026
170,0.4,3,45,920,368000,149.0326895402939
171,0.4,3,46,940,376000,-13.661762029502114
172,0.4,3,47,960,384000,112.52119287038627
173,0.4,3,48,980,392000,-34.93059348311261
174,0.4,3,49,1000,400000,215.82511806881354
175,0.4,3,50,1020,408000,150.04571608813188
176,0.4,3,51,1040,416000,117.09046200356707
177,0.4,3,52,1060,424000,56.74562349959481
178,0.4,3,53,1080,432000,9.689274507437831
179,0.4,3,54,1100,440000,15.82384369365391
180,0.4,3,55,1120,448000,237.28146509446643
181,0.4,3,56,1140,456000,300.2110498257349
182,0.4,3,57,1160,464000,51.86853498324251
183,0.4,3,58,1180,472000,85.35368498935469
184,0.4,3,59,1200,480000,38.96059322352559
185,0.4,3,60,1220,488000,64.44857834818434
186,0.4,3,61,1240,496000,211.5840824930895
187,0.4,3,62,1260,504000,208.26716189248754
188,0.4,3,63,1280,512000,256.68829901496366
189,0.4,3,64,1300,520000,85.55647375411633
190,0.4,3,65,1320,528000,152.36491514402763
191,0.4,3,66,1340,536000,12.85580214024436
192,0.4,3,67,1360,544000,32.165896363914825
193,0.4,3,68,1380,552000,208.56955275536058
194,0.4,3,69,1400,560000,169.62420570488916
195,0.4,3,70,1420,568000,133.2752158746167
196,0.4,3,71,1440,576000,178.82248738774734
197,0.4,3,72,1460,584000,130.08384794422005
198,0.4,3,73,1480,592000,36.616304797257136
199,0.4,3,74,1500,600000,103.01130780821336
200,0.4,3,75,1520,608000,153.07389751774787
201,0.4,3,76,1540,616000,238.53404899215874
202,0.4,3,77,1560,624000,87.06890950981747
203,0.4,3,78,1580,632000,174.78100610281598
204,0.4,3,79,1600,640000,71.45501496141102
205,0.4,3,80,1620,648000,190.43247431243304
206,0.4,3,81,1640,656000,130.3018484361592
207,0.4,3,82,1660,664000,186.85447639793722
208,0.4,3,83,1680,672000,184.42345311215163
209,0.4,3,84,1700,680000,235.0098734349257
210,0.4,3,85,1720,688000,299.55022049373486
211,0.4,3,86,1740,696000,200.37727245128383
212,0.4,3,87,1760,704000,211.74674383084826
213,0.4,3,88,1780,712000,246.97330219339096
214,0.4,3,89,1800,720000,314.4186247341878
215,0.4,3,90,1820,728000,-16.600476769728616
216,0.4,3,91,1840,736000,-73.81725675687412
217,0.4,3,92,1860,744000,109.75776571887873
218,0.4,3,93,1880,752000,105.61308196749386
219,0.4,3,94,1900,760000,346.1653454950342
220,0.4,3,95,1920,768000,194.26102533859563
221,0.4,3,96,1940,776000,231.55980457246466
222,0.4,3,97,1960,784000,37.92450751805466
223,0.4,3,98,1980,792000,26.51253606081995
224,0.4,3,99,2000,800000,204.90797002840105
225,0.4,3,100,2020,808000,204.64573567132516
226,0.4,3,101,2040,816000,53.02936712776558
227,0.4,3,102,2060,824000,237.1665608863394
228,0.4,3,103,2080,832000,286.3096421466728
229,0.4,3,104,2100,840000,56.87251344851834
230,0.4,3,105,2120,848000,-23.14968028647494
231,0.4,3,106,2140,856000,141.59558415196636
232,0.4,3,107,2160,864000,119.62749492412357
233,0.4,3,108,2180,872000,269.8738907900441
234,0.4,3,109,2200,880000,210.66741851668593
235,0.4,3,110,2220,888000,163.96712286614934
236,0.4,3,111,2240,896000,119.33520049866164
237,0.4,3,112,2260,904000,179.33171723738403
238,0.4,3,113,2280,912000,269.12874849866614
239,0.4,3,114,2300,920000,265.7253233002526
240,0.4,3,115,2320,928000,194.55920067885444
241,0.4,3,116,2340,936000,198.30700196723154
242,0.4,3,117,2360,944000,131.5717457594511
243,0.4,3,118,2380,952000,166.03932849806574
244,0.4,3,119,2400,960000,191.3895450100161
245,0.4,3,120,2420,968000,-13.032749059077574
246,0.4,3,121,2440,976000,236.52643481774106
247,0.4,3,122,2460,984000,98.85902985217746
248,0.4,3,123,2480,992000,233.37223829933845
249,0.4,3,124,2500,1000000,226.0926598441165
250,0.4,4,0,20,8000,9.61418298313568
251,0.4,4,1,40,16000,-8.886910685212884
252,0.4,4,2,60,24000,-15.658099152777393
253,0.4,4,3,80,32000,-9.625073148864939
254,0.4,4,4,100,40000,-15.406882458050195
255,0.4,4,5,120,48000,-13.914055061270611
256,0.4,4,6,140,56000,0.04889564173112078
257,0.4,4,7,160,64000,-10.957274132521977
258,0.4,4,8,180,72000,-24.329853337853876
259,0.4,4,9,200,80000,54.27010695112416
260,0.4,4,10,220,88000,35.05699422699398
261,0.4,4,11,240,96000,22.762152700136802
262,0.4,4,12,260,104000,25.787632466131583
263,0.4,4,13,280,112000,9.693327378630965
264,0.4,4,14,300,120000,9.805552654246254
265,0.4,4,15,320,128000,-19.944706704421673
266,0.4,4,16,340,136000,20.419832864875488
267,0.4,4,17,360,144000,9.614228948181701
268,0.4,4,18,380,152000,29.304326011331263
269,0.4,4,19,400,160000,25.90393135409106
270,0.4,4,20,420,168000,23.700309472097977
271,0.4,4,21,440,176000,9.614228948181701
272,0.4,4,22,460,184000,15.561309568800914
273,0.4,4,23,480,192000,37.417153301622726
274,0.4,4,24,500,200000,32.5002388031483
275,0.4,4,25,520,208000,-0.15224919114564664
276,0.4,4,26,540,216000,35.92279715171624
277,0.4,4,27,560,224000,33.66035810502805
278,0.4,4,28,580,232000,30.619422534355117
279,0.4,4,29,600,240000,22.933865853123425
280,0.4,4,30,620,248000,32.68916463730567
281,0.4,4,31,640,256000,36.809891640413454
282,0.4,4,32,660,264000,30.598095193869103
283,0.4,4,33,680,272000,30.21779901710824
284,0.4,4,34,700,280000,32.3962248820365
285,0.4,4,35,720,288000,27.683640954595774
286,0.4,4,36,740,296000,36.59960997548704
287,0.4,4,37,760,304000,32.746662727256265
288,0.4,4,38,780,312000,28.96495196042963
289,0.4,4,39,800,320000,34.807866828654696
290,0.4,4,40,820,328000,36.7794718613473
291,0.4,4,41,840,336000,29.368185537124873
292,0.4,4,42,860,344000,26.238738912617464
293,0.4,4,43,880,352000,27.329175265856264
294,0.4,4,44,900,360000,34.12928711439067
295,0.4,4,45,920,368000,29.379531398319642
296,0.4,4,46,940,376000,39.18679812528673
297,0.4,4,47,960,384000,37.502603795334366
298,0.4,4,48,980,392000,28.089962291343646
299,0.4,4,49,1000,400000,27.513058595748863
300,0.4,4,50,1020,408000,37.23374990432369
301,0.4,4,51,1040,416000,28.020681449080293
302,0.4,4,52,1060,424000,34.946891585287815
303,0.4,4,53,1080,432000,37.613532931712626
304,0.4,4,54,1100,440000,25.241487751227027
305,0.4,4,55,1120,448000,40.34117401107439
306,0.4,4,56,1140,456000,36.42653223666174
307,0.4,4,57,1160,464000,27.844817188114405
308,0.4,4,58,1180,472000,20.84794147983255
309,0.4,4,59,1200,480000,28.48372811502501
310,0.4,4,60,1220,488000,38.96837176306873
311,0.4,4,61,1240,496000,31.20031463215822
312,0.4,4,62,1260,504000,22.55170833176829
313,0.4,4,63,1280,512000,41.426623010464475
314,0.4,4,64,1300,520000,39.19846368514122
315,0.4,4,65,1320,528000,27.79915313702931
316,0.4,4,66,1340,536000,38.955202852535976
317,0.4,4,67,1360,544000,40.035871461034375
318,0.4,4,68,1380,552000,44.091784894177025
319,0.4,4,69,1400,560000,56.830056211948985
320,0.4,4,70,1420,568000,27.156436688497315
321,0.4,4,71,1440,576000,-11.427440369201362
322,0.4,4,72,1460,584000,43.82284003256522
323,0.4,4,73,1480,592000,18.970644683855838
324,0.4,4,74,1500,600000,0.9949008657042533
325,0.4,4,75,1520,608000,-1.068547052698127
326,0.4,4,76,1540,616000,40.73003119136281
327,0.4,4,77,1560,624000,29.32890779289218
328,0.4,4,78,1580,632000,42.48155659768811
329,0.4,4,79,1600,640000,27.432433450753614
330,0.4,4,80,1620,648000,11.616738134525262
331,0.4,4,81,1640,656000,26.9202286661892
332,0.4,4,82,1660,664000,0.9822926900650373
333,0.4,4,83,1680,672000,-7.59343917737439
334,0.4,4,84,1700,680000,41.06080377886193
335,0.4,4,85,1720,688000,41.36221030515886
336,0.4,4,86,1740,696000,42.932371708788025
337,0.4,4,87,1760,704000,7.1477617076484865
338,0.4,4,88,1780,712000,6.767823854143832
339,0.4,4,89,1800,720000,40.79356075464865
340,0.4,4,90,1820,728000,33.72030651182497
341,0.4,4,91,1840,736000,45.87473880157306
342,0.4,4,92,1860,744000,47.384484959974074
343,0.4,4,93,1880,752000,-10.32482016540882
344,0.4,4,94,1900,760000,44.13097327829705
345,0.4,4,95,1920,768000,15.834591816726014
346,0.4,4,96,1940,776000,22.188344266763362
347,0.4,4,97,1960,784000,43.06593012961404
348,0.4,4,98,1980,792000,9.913951699416021
349,0.4,4,99,2000,800000,40.878951032030855
350,0.4,4,100,2020,808000,39.1693299022696
351,0.4,4,101,2040,816000,51.54693142228721
352,0.4,4,102,2060,824000,44.89411126574667
353,0.4,4,103,2080,832000,44.73781033120421
354,0.4,4,104,2100,840000,16.474483011050413
355,0.4,4,105,2120,848000,42.38858118256617
356,0.4,4,106,2140,856000,44.69869234899387
357,0.4,4,107,2160,864000,47.68592764420379
358,0.4,4,108,2180,872000,30.072646919402395
359,0.4,4,109,2200,880000,39.7856212138815
360,0.4,4,110,2220,888000,-5.995607086798055
361,0.4,4,111,2240,896000,48.265049007899464
362,0.4,4,112,2260,904000,41.675803863192385
363,0.4,4,113,2280,912000,9.079128069732475
364,0.4,4,114,2300,920000,25.003132131015615
365,0.4,4,115,2320,928000,7.656065160610578
366,0.4,4,116,2340,936000,46.504540157535814
367,0.4,4,117,2360,944000,38.2536811131517
368,0.4,4,118,2380,952000,41.686752786895234
369,0.4,4,119,2400,960000,30.05147364262415
370,0.4,4,120,2420,968000,26.186694330928027
371,0.4,4,121,2440,976000,22.729100774051375
372,0.4,4,122,2460,984000,31.119547759160305
373,0.4,4,123,2480,992000,36.599366455248116
374,0.4,4,124,2500,1000000,25.97816411550847
375,0.4,5,0,20,8000,-10.936831339090116
376,0.4,5,1,40,16000,-19.43738249691401
377,0.4,5,2,60,24000,-20.589578893109316
378,0.4,5,3,80,32000,14.930804620848244
379,0.4,5,4,100,40000,9.614228948181701
380,0.4,5,5,120,48000,24.417237326253733
381,0.4,5,6,140,56000,9.614228948181701
382,0.4,5,7,160,64000,16.64670861587179
383,0.4,5,8,180,72000,17.22813309406987
384,0.4,5,9,200,80000,-6.166525565111293
385,0.4,5,10,220,88000,9.614228948181701
386,0.4,5,11,240,96000,-17.05562831623613
387,0.4,5,12,260,104000,27.703300629363543
388,0.4,5,13,280,112000,-15.334465805171632
389,0.4,5,14,300,120000,8.362441656277335
390,0.4,5,15,320,128000,25.246604088486155
391,0.4,5,16,340,136000,14.665129247845282
392,0.4,5,17,360,144000,27.7032954766645
393,0.4,5,18,380,152000,77.48103102605063
394,0.4,5,19,400,160000,111.65289955987012
395,0.4,5,20,420,168000,178.35384271391428
396,0.4,5,21,440,176000,-12.298097854950544
397,0.4,5,22,460,184000,22.092943528876624
398,0.4,5,23,480,192000,136.7377050052717
399,0.4,5,24,500,200000,-15.261650433993378
400,0.4,5,25,520,208000,145.96720148094744
401,0.4,5,26,540,216000,27.7032954766645
402,0.4,5,27,560,224000,71.52632787792479
403,0.4,5,28,580,232000,181.195233341647
404,0.4,5,29,600,240000,11.050507877149789
405,0.4,5,30,620,248000,13.39861591176456
406,0.4,5,31,640,256000,29.094320470495397
407,0.4,5,32,660,264000,35.466437948029
408,0.4,5,33,680,272000,151.47003811582988
409,0.4,5,34,700,280000,86.80857034516353
410,0.4,5,35,720,288000,137.6722929539225
411,0.4,5,36,740,296000,115.01436611673157
412,0.4,5,37,760,304000,122.34184479424457
413,0.4,5,38,780,312000,183.62255324329269
414,0.4,5,39,800,320000,211.28193006631008
415,0.4,5,40,820,328000,130.1811385407904
416,0.4,5,41,840,336000,0.8340610485763961
417,0.4,5,42,860,344000,-6.2729830476174815
418,0.4,5,43,880,352000,233.28720597998512
419,0.4,5,44,900,360000,60.72656534246944
420,0.4,5,45,920,368000,82.05005214954613
421,0.4,5,46,940,376000,108.70047456652694
422,0.4,5,47,960,384000,-5.015982676797712
423,0.4,5,48,980,392000,-52.08849426794175
424,0.4,5,49,1000,400000,181.8354540679346
425,0.4,5,50,1020,408000,-3.5512597156642967
426,0.4,5,51,1040,416000,215.9752968957633
427,0.4,5,52,1060,424000,197.55756111766686
428,0.4,5,53,1080,432000,186.68730958398788
429,0.4,5,54,1100,440000,55.996681234024166
430,0.4,5,55,1120,448000,149.74711367316826
431,0.4,5,56,1140,456000,104.74538566560702
432,0.4,5,57,1160,464000,169.14842726929675
433,0.4,5,58,1180,472000,127.87024646983608
434,0.4,5,59,1200,480000,6.389573036155819
435,0.4,5,60,1220,488000,179.0498676477084
436,0.4,5,61,1240,496000,149.16838798284448
437,0.4,5,62,1260,504000,190.90582281485672
438,0.4,5,63,1280,512000,256.2308156312337
439,0.4,5,64,1300,520000,-101.80808732382204
440,0.4,5,65,1320,528000,78.15426683220379
441,0.4,5,66,1340,536000,249.4481326302714
442,0.4,5,67,1360,544000,154.7590276701313
443,0.4,5,68,1380,552000,227.67863606849716
444,0.4,5,69,1400,560000,197.16367733490654
445,0.4,5,70,1420,568000,241.34109006104194
446,0.4,5,71,1440,576000,207.22262997566003
447,0.4,5,72,1460,584000,167.42634745326973
448,0.4,5,73,1480,592000,74.28112046674315
449,0.4,5,74,1500,600000,245.4479380120928
450,0.4,5,75,1520,608000,110.5994813700253
451,0.4,5,76,1540,616000,244.45875154700903
452,0.4,5,77,1560,624000,205.38444018803543
453,0.4,5,78,1580,632000,249.22675617979195
454,0.4,5,79,1600,640000,222.31972356032924
455,0.4,5,80,1620,648000,19.509278260937553
456,0.4,5,81,1640,656000,41.64006793734272
457,0.4,5,82,1660,664000,247.5002647487228
458,0.4,5,83,1680,672000,280.4890288031442
459,0.4,5,84,1700,680000,50.878910903660255
460,0.4,5,85,1720,688000,66.32334533566298
461,0.4,5,86,1740,696000,242.2179948164503
462,0.4,5,87,1760,704000,52.61177773559628
463,0.4,5,88,1780,712000,254.6787377040012
464,0.4,5,89,1800,720000,182.91165088019255
465,0.4,5,90,1820,728000,256.38071407230325
466,0.4,5,91,1840,736000,128.56939911950343
467,0.4,5,92,1860,744000,-30.15489874272522
468,0.4,5,93,1880,752000,339.2120176732833
469,0.4,5,94,1900,760000,79.14430861685955
470,0.4,5,95,1920,768000,235.39801236655347
471,0.4,5,96,1940,776000,288.37263108231923
472,0.4,5,97,1960,784000,100.235737971151
473,0.4,5,98,1980,792000,235.75576274512682
474,0.4,5,99,2000,800000,114.48365410255465
475,0.4,5,100,2020,808000,279.53625350406526
476,0.4,5,101,2040,816000,244.48911834147506
477,0.4,5,102,2060,824000,289.6400550268583
478,0.4,5,103,2080,832000,319.93971682936143
479,0.4,5,104,2100,840000,238.98509167981607
480,0.4,5,105,2120,848000,104.8681391570553
481,0.4,5,106,2140,856000,233.04524547744836
482,0.4,5,107,2160,864000,322.9920260933719
483,0.4,5,108,2180,872000,201.37556873084003
484,0.4,5,109,2200,880000,249.31778296923326
485,0.4,5,110,2220,888000,300.33867996791076
486,0.4,5,111,2240,896000,148.37890002705927
487,0.4,5,112,2260,904000,224.94796135122107
488,0.4,5,113,2280,912000,156.0639005256356
489,0.4,5,114,2300,920000,-80.45619057957842
490,0.4,5,115,2320,928000,285.33884173863396
491,0.4,5,116,2340,936000,247.17269549804342
492,0.4,5,117,2360,944000,29.957500844332138
493,0.4,5,118,2380,952000,85.53669718182739
494,0.4,5,119,2400,960000,118.73785219594708
495,0.4,5,120,2420,968000,108.89267353011307
496,0.4,5,121,2440,976000,177.19769856226887
497,0.4,5,122,2460,984000,153.55973269377708
498,0.4,5,123,2480,992000,222.32070059874945
499,0.4,5,124,2500,1000000,297.1745915694119
500,0.4,6,0,20,8000,7.926169235924689
501,0.4,6,1,40,16000,14.999999478857514
502,0.4,6,2,60,24000,3.232229648437567
503,0.4,6,3,80,32000,-27.245042685717785
504,0.4,6,4,100,40000,-19.32808252542752
505,0.4,6,5,120,48000,9.614228948181701
506,0.4,6,6,140,56000,-24.669099252681963
507,0.4,6,7,160,64000,-22.048370493139764
508,0.4,6,8,180,72000,17.31474127922769
509,0.4,6,9,200,80000,32.37967788088791
510,0.4,6,10,220,88000,25.376407483764144
511,0.4,6,11,240,96000,26.510680264842996
512,0.4,6,12,260,104000,19.273924011997156
513,0.4,6,13,280,112000,-9.665309454796207
514,0.4,6,14,300,120000,26.624286455891422
515,0.4,6,15,320,128000,-28.054079535595083
516,0.4,6,16,340,136000,29.011686915037917
517,0.4,6,17,360,144000,23.537112182213686
518,0.4,6,18,380,152000,21.00481755780772
519,0.4,6,19,400,160000,-5.4083121644478505
520,0.4,6,20,420,168000,26.510680264842996
521,0.4,6,21,440,176000,23.41125494209385
522,0.4,6,22,460,184000,33.06025024126463
523,0.4,6,23,480,192000,22.600847938661605
524,0.4,6,24,500,200000,24.65613970549912
525,0.4,6,25,520,208000,26.524583958591542
526,0.4,6,26,540,216000,26.510680264842996
527,0.4,6,27,560,224000,27.785161885952526
528,0.4,6,28,580,232000,14.620891782082964
529,0.4,6,29,600,240000,10.6501112821405
530,0.4,6,30,620,248000,8.03490055348378
531,0.4,6,31,640,256000,29.33319409100697
532,0.4,6,32,660,264000,4.965675836250613
533,0.4,6,33,680,272000,-0.6407261180012108
534,0.4,6,34,700,280000,33.0625869462679
535,0.4,6,35,720,288000,26.510680264842996
536,0.4,6,36,740,296000,13.3854519331592
537,0.4,6,37,760,304000,26.568179134986185
538,0.4,6,38,780,312000,-22.39474845346147
539,0.4,6,39,800,320000,20.76499285959274
540,0.4,6,40,820,328000,-20.07433016086881
541,0.4,6,41,840,336000,38.614030561370896
542,0.4,6,42,860,344000,27.159844149516182
543,0.4,6,43,880,352000,-1.691209797629232
544,0.4,6,44,900,360000,34.69405563423565
545,0.4,6,45,920,368000,42.57286563047269
546,0.4,6,46,940,376000,38.47915371260712
547,0.4,6,47,960,384000,36.56972264232005
548,0.4,6,48,980,392000,-11.283525462142881
549,0.4,6,49,1000,400000,46.47904653860911
550,0.4,6,50,1020,408000,29.982883178632182
551,0.4,6,51,1040,416000,-7.790501960984716
552,0.4,6,52,1060,424000,41.39465852939665
553,0.4,6,53,1080,432000,38.82238808469037
554,0.4,6,54,1100,440000,33.36237780571783
555,0.4,6,55,1120,448000,27.318375995349744
556,0.4,6,56,1140,456000,2.8186934566164212
557,0.4,6,57,1160,464000,39.150687905791266
558,0.4,6,58,1180,472000,-19.375555739300232
559,0.4,6,59,1200,480000,13.810911195335336
560,0.4,6,60,1220,488000,27.883911007954083
561,0.4,6,61,1240,496000,40.051242871775955
562,0.4,6,62,1260,504000,0.6928973820954697
563,0.4,6,63,1280,512000,46.98216483272289
564,0.4,6,64,1300,520000,34.84367828658355
565,0.4,6,65,1320,528000,17.744908168094735
566,0.4,6,66,1340,536000,27.004404438375577
567,0.4,6,67,1360,544000,20.392467871755827
568,0.4,6,68,1380,552000,12.144244876416003
569,0.4,6,69,1400,560000,24.159983018538952
570,0.4,6,70,1420,568000,38.38841539914277
571,0.4,6,71,1440,576000,41.135698229930014
572,0.4,6,72,1460,584000,-1.4133914389734001
573,0.4,6,73,1480,592000,43.927992887800286
574,0.4,6,74,1500,600000,34.36115886430275
575,0.4,6,75,1520,608000,39.375340064901685
576,0.4,6,76,1540,616000,33.91689572420579
577,0.4,6,77,1560,624000,38.725021336327224
578,0.4,6,78,1580,632000,38.527636112970455
579,0.4,6,79,1600,640000,33.77325868700844
580,0.4,6,80,1620,648000,41.379834712627954
581,0.4,6,81,1640,656000,42.485648871213634
582,0.4,6,82,1660,664000,43.801520345578055
583,0.4,6,83,1680,672000,45.37822604449943
584,0.4,6,84,1700,680000,44.2753756997887
585,0.4,6,85,1720,688000,1.727970360351004
586,0.4,6,86,1740,696000,45.452346079651505
587,0.4,6,87,1760,704000,31.698720412766466
588,0.4,6,88,1780,712000,40.01293665951133
589,0.4,6,89,1800,720000,45.45348315071541
590,0.4,6,90,1820,728000,60.464280906804575
591,0.4,6,91,1840,736000,38.60513451869733
592,0.4,6,92,1860,744000,36.681271497336
593,0.4,6,93,1880,752000,44.671225001640465
594,0.4,6,94,1900,760000,40.042027164579295
595,0.4,6,95,1920,768000,35.702621822515425
596,0.4,6,96,1940,776000,24.166974136803894
597,0.4,6,97,1960,784000,20.209419829999696
598,0.4,6,98,1980,792000,42.13636709724412
599,0.4,6,99,2000,800000,58.05585157413596
600,0.4,6,100,2020,808000,19.987277268841083
601,0.4,6,101,2040,816000,28.988535450428106
602,0.4,6,102,2060,824000,26.958755594912013
603,0.4,6,103,2080,832000,35.574219226745996
604,0.4,6,104,2100,840000,29.40916850968214
605,0.4,6,105,2120,848000,37.61047710657517
606,0.4,6,106,2140,856000,40.90741906295545
607,0.4,6,107,2160,864000,34.95777997340359
608,0.4,6,108,2180,872000,38.113759773766375
609,0.4,6,109,2200,880000,51.45279502806709
610,0.4,6,110,2220,888000,42.79225635439949
611,0.4,6,111,2240,896000,42.55948281078046
612,0.4,6,112,2260,904000,25.176676392976674
613,0.4,6,113,2280,912000,1.3110215045456923
614,0.4,6,114,2300,920000,35.53244700893897
615,0.4,6,115,2320,928000,62.89663176977376
616,0.4,6,116,2340,936000,41.60891847112686
617,0.4,6,117,2360,944000,40.47040617257684
618,0.4,6,118,2380,952000,8.888375652728111
619,0.4,6,119,2400,960000,45.31630929033132
620,0.4,6,120,2420,968000,18.210333629501157
621,0.4,6,121,2440,976000,-1.9448906417066891
622,0.4,6,122,2460,984000,38.73889891455043
623,0.4,6,123,2480,992000,9.910918787032463
624,0.4,6,124,2500,1000000,28.238228734691567
625,0.4,7,0,20,8000,-16.980587490029443
626,0.4,7,1,40,16000,-50.83469450943474
627,0.4,7,2,60,24000,26.82520733389714
628,0.4,7,3,80,32000,43.13277861621106
629,0.4,7,4,100,40000,-17.796913101647583
630,0.4,7,5,120,48000,14.920765794639234
631,0.4,7,6,140,56000,7.004171847518116
632,0.4,7,7,160,64000,-2.1898225498071553
633,0.4,7,8,180,72000,-27.31405168691868
634,0.4,7,9,200,80000,-28.355669700636376
635,0.4,7,10,220,88000,-24.10857837286644
636,0.4,7,11,240,96000,-19.994409856450112
637,0.4,7,12,260,104000,18.20457088863456
638,0.4,7,13,280,112000,-11.348725881365299
639,0.4,7,14,300,120000,-42.53020491478166
640,0.4,7,15,320,128000,26.509968833784228
641,0.4,7,16,340,136000,6.8772526055734575
642,0.4,7,17,360,144000,-32.6825964003075
643,0.4,7,18,380,152000,-16.672305401229433
644,0.4,7,19,400,160000,2.4228811537077046
645,0.4,7,20,420,168000,17.934384441954364
646,0.4,7,21,440,176000,20.63494484602815
647,0.4,7,22,460,184000,-13.925493058452044
648,0.4,7,23,480,192000,29.668119964102026
649,0.4,7,24,500,200000,37.40380415445848
650,0.4,7,25,520,208000,12.458333022350404
651,0.4,7,26,540,216000,1.4906193062520978
652,0.4,7,27,560,224000,32.139714069246914
653,0.4,7,28,580,232000,31.019627613358743
654,0.4,7,29,600,240000,35.521524694822524
655,0.4,7,30,620,248000,38.45930222381014
656,0.4,7,31,640,256000,36.644955353301825
657,0.4,7,32,660,264000,68.72126513033463
658,0.4,7,33,680,272000,39.12876482315463
659,0.4,7,34,700,280000,30.29360171023085
660,0.4,7,35,720,288000,12.236674819285387
661,0.4,7,36,740,296000,13.279477600268166
662,0.4,7,37,760,304000,28.72857601190999
663,0.4,7,38,780,312000,27.432187388893304
664,0.4,7,39,800,320000,17.00899240813473
665,0.4,7,40,820,328000,40.41735848034547
666,0.4,7,41,840,336000,35.89561010269282
667,0.4,7,42,860,344000,34.74848481633417
668,0.4,7,43,880,352000,36.8650534928533
669,0.4,7,44,900,360000,24.111792597653512
670,0.4,7,45,920,368000,16.816823727050046
671,0.4,7,46,940,376000,33.83673534791985
672,0.4,7,47,960,384000,33.681651434988694
673,0.4,7,48,980,392000,12.505018038869206
674,0.4,7,49,1000,400000,14.071877658497254
675,0.4,7,50,1020,408000,43.98746984530868
676,0.4,7,51,1040,416000,41.14942746725059
677,0.4,7,52,1060,424000,32.38242654125209
678,0.4,7,53,1080,432000,38.117203402366485
679,0.4,7,54,1100,440000,50.86575650861536
680,0.4,7,55,1120,448000,20.637397412473
681,0.4,7,56,1140,456000,34.97378969050824
682,0.4,7,57,1160,464000,36.04878026054664
683,0.4,7,58,1180,472000,37.06087777249401
684,0.4,7,59,1200,480000,30.95035190492166
685,0.4,7,60,1220,488000,33.0781396651024
686,0.4,7,61,1240,496000,34.05071614739582
687,0.4,7,62,1260,504000,29.260856775818194
688,0.4,7,63,1280,512000,37.65905415245893
689,0.4,7,64,1300,520000,36.13100575381087
690,0.4,7,65,1320,528000,21.508618736368412
691,0.4,7,66,1340,536000,29.782774945742023
692,0.4,7,67,1360,544000,37.160382453743566
693,0.4,7,68,1380,552000,34.97546940488487
694,0.4,7,69,1400,560000,38.86939027878877
695,0.4,7,70,1420,568000,35.098468481298966
696,0.4,7,71,1440,576000,36.96436506634
697,0.4,7,72,1460,584000,37.986269733589374
698,0.4,7,73,1480,592000,22.367144757602286
699,0.4,7,74,1500,600000,36.85722840465343
700,0.4,7,75,1520,608000,26.18219116441124
701,0.4,7,76,1540,616000,30.370326298343475
702,0.4,7,77,1560,624000,38.788483361857445
703,0.4,7,78,1580,632000,16.987763447591366
704,0.4,7,79,1600,640000,39.461251710887716
705,0.4,7,80,1620,648000,37.660684670563114
706,0.4,7,81,1640,656000,33.0912482586835
707,0.4,7,82,1660,664000,33.00766397634285
708,0.4,7,83,1680,672000,26.666100790253864
709,0.4,7,84,1700,680000,38.10699960663818
710,0.4,7,85,1720,688000,36.96785145389036
711,0.4,7,86,1740,696000,27.655941652537557
712,0.4,7,87,1760,704000,34.0676034529741
713,0.4,7,88,1780,712000,34.774338869141175
714,0.4,7,89,1800,720000,22.50587441763151
715,0.4,7,90,1820,728000,39.13832057957279
716,0.4,7,91,1840,736000,38.43216245505168
717,0.4,7,92,1860,744000,39.99016744697287
718,0.4,7,93,1880,752000,39.589309034842394
719,0.4,7,94,1900,760000,39.066750826803435
720,0.4,7,95,1920,768000,28.385348777356466
721,0.4,7,96,1940,776000,36.8344241564989
722,0.4,7,97,1960,784000,39.6523153161058
723,0.4,7,98,1980,792000,36.7138838256396
724,0.4,7,99,2000,800000,39.01253505609032
725,0.4,7,100,2020,808000,34.345424698313565
726,0.4,7,101,2040,816000,37.56551640391038
727,0.4,7,102,2060,824000,26.435264361846492
728,0.4,7,103,2080,832000,40.3078524191613
729,0.4,7,104,2100,840000,36.533354784157204
730,0.4,7,105,2120,848000,40.2112638317893
731,0.4,7,106,2140,856000,32.118953778092006
732,0.4,7,107,2160,864000,36.76550705160565
733,0.4,7,108,2180,872000,18.339983427833822
734,0.4,7,109,2200,880000,26.420094419456415
735,0.4,7,110,2220,888000,10.139536684119463
736,0.4,7,111,2240,896000,37.274902920413844
737,0.4,7,112,2260,904000,40.748637506119714
738,0.4,7,113,2280,912000,26.79213355749374
739,0.4,7,114,2300,920000,33.62398821058976
740,0.4,7,115,2320,928000,40.77412043658894
741,0.4,7,116,2340,936000,40.65487007164937
742,0.4,7,117,2360,944000,23.629541123835608
743,0.4,7,118,2380,952000,38.85394492139151
744,0.4,7,119,2400,960000,12.58746592810298
745,0.4,7,120,2420,968000,33.625264291821416
746,0.4,7,121,2440,976000,38.72871589400678
747,0.4,7,122,2460,984000,31.312537340626044
748,0.4,7,123,2480,992000,41.86338754838558
749,0.4,7,124,2500,1000000,40.8694064613751
750,0.4,8,0,20,8000,-4.456685044677369
751,0.4,8,1,40,16000,-23.237931955813586
752,0.4,8,2,60,24000,12.8249595843082
753,0.4,8,3,80,32000,12.31785680316499
754,0.4,8,4,100,40000,-19.94307511944036
755,0.4,8,5,120,48000,18.885117997794687
756,0.4,8,6,140,56000,19.718391726169912
757,0.4,8,7,160,64000,14.931315052679532
758,0.4,8,8,180,72000,-31.223519047371298
759,0.4,8,9,200,80000,-1.9021037149468838
760,0.4,8,10,220,88000,15.877399293213248
761,0.4,8,11,240,96000,9.713574840464565
762,0.4,8,12,260,104000,20.91669148760531
763,0.4,8,13,280,112000,38.286154390352365
764,0.4,8,14,300,120000,-7.175461633013683
765,0.4,8,15,320,128000,12.412145310608068
766,0.4,8,16,340,136000,14.931315052679532
767,0.4,8,17,360,144000,12.272789201381178
768,0.4,8,18,380,152000,12.559295141338264
769,0.4,8,19,400,160000,-16.169634839599137
770,0.4,8,20,420,168000,50.15551533031823
771,0.4,8,21,440,176000,10.267325117598343
772,0.4,8,22,460,184000,58.005137399354986
773,0.4,8,23,480,192000,-9.223174852476308
774,0.4,8,24,500,200000,44.22137612269652
775,0.4,8,25,520,208000,-20.185935636011543
776,0.4,8,26,540,216000,14.931315052679532
777,0.4,8,27,560,224000,23.446469770709456
778,0.4,8,28,580,232000,0.5853555325371564
779,0.4,8,29,600,240000,-23.55547091821537
780,0.4,8,30,620,248000,13.176708026965105
781,0.4,8,31,640,256000,18.68523434550953
782,0.4,8,32,660,264000,-24.229061838547953
783,0.4,8,33,680,272000,-34.17223515251259
784,0.4,8,34,700,280000,-2.627505718732289
785,0.4,8,35,720,288000,147.7030839136787
786,0.4,8,36,740,296000,20.777731828714586
787,0.4,8,37,760,304000,-48.39228729276739
788,0.4,8,38,780,312000,90.10155252329095
789,0.4,8,39,800,320000,79.01418878224578
790,0.4,8,40,820,328000,23.988295630128608
791,0.4,8,41,840,336000,117.12113622062334
792,0.4,8,42,860,344000,-42.604865513178744
793,0.4,8,43,880,352000,-12.73726890361373
794,0.4,8,44,900,360000,-28.73781051574183
795,0.4,8,45,920,368000,134.33491262282752
796,0.4,8,46,940,376000,7.768355404304995
797,0.4,8,47,960,384000,38.59908863856587
798,0.4,8,48,980,392000,94.16604106153423
799,0.4,8,49,1000,400000,5.428150459352716
800,0.4,8,50,1020,408000,-7.719100488108478
801,0.4,8,51,1040,416000,149.88107261976583
802,0.4,8,52,1060,424000,227.32267753793263
803,0.4,8,53,1080,432000,176.07648343691386
804,0.4,8,54,1100,440000,27.58313362252265
805,0.4,8,55,1120,448000,104.54693294998351
806,0.4,8,56,1140,456000,197.69022009913283
807,0.4,8,57,1160,464000,35.1735524888453
808,0.4,8,58,1180,472000,124.43525269593349
809,0.4,8,59,1200,480000,241.35764341416362
810,0.4,8,60,1220,488000,99.38144268117122
811,0.4,8,61,1240,496000,148.14608413400217
812,0.4,8,62,1260,504000,218.31231740221907
813,0.4,8,63,1280,512000,167.91266424362698
814,0.4,8,64,1300,520000,5.056934179831186
815,0.4,8,65,1320,528000,-20.797592026526406
816,0.4,8,66,1340,536000,217.6785020664181
817,0.4,8,67,1360,544000,179.1305625155757
818,0.4,8,68,1380,552000,148.05835834211467
819,0.4,8,69,1400,560000,58.89416666609056
820,0.4,8,70,1420,568000,182.21655946802534
821,0.4,8,71,1440,576000,245.59789939125102
822,0.4,8,72,1460,584000,133.848041194832
823,0.4,8,73,1480,592000,36.300761155304755
824,0.4,8,74,1500,600000,-11.531887446639102
825,0.4,8,75,1520,608000,249.2671779002595
826,0.4,8,76,1540,616000,119.2830923210607
827,0.4,8,77,1560,624000,227.28041997236096
828,0.4,8,78,1580,632000,218.00007056227304
829,0.4,8,79,1600,640000,128.5490190447925
830,0.4,8,80,1620,648000,220.71858403068273
831,0.4,8,81,1640,656000,269.99067979446534
832,0.4,8,82,1660,664000,279.23686098592424
833,0.4,8,83,1680,672000,232.23262781402792
834,0.4,8,84,1700,680000,127.29920077323398
835,0.4,8,85,1720,688000,258.30723630468503
836,0.4,8,86,1740,696000,246.5648276975935
837,0.4,8,87,1760,704000,208.2592947701834
838,0.4,8,88,1780,712000,243.88859356023585
839,0.4,8,89,1800,720000,244.50678342960697
840,0.4,8,90,1820,728000,41.84090184793738
841,0.4,8,91,1840,736000,186.63302794493464
842,0.4,8,92,1860,744000,214.3887741399667
843,0.4,8,93,1880,752000,318.74294728413315
844,0.4,8,94,1900,760000,34.3815623348687
845,0.4,8,95,1920,768000,250.38290967982738
846,0.4,8,96,1940,776000,243.15908751466554
847,0.4,8,97,1960,784000,-19.93830896608635
848,0.4,8,98,1980,792000,34.086695595114854
849,0.4,8,99,2000,800000,269.89257847492786
850,0.4,8,100,2020,808000,283.38058398098497
851,0.4,8,101,2040,816000,215.51490624582055
852,0.4,8,102,2060,824000,129.53063641406976
853,0.4,8,103,2080,832000,251.86561071938868
854,0.4,8,104,2100,840000,139.41481556783495
855,0.4,8,105,2120,848000,0.899576380522659
856,0.4,8,106,2140,856000,260.1693135802978
857,0.4,8,107,2160,864000,220.0692133355839
858,0.4,8,108,2180,872000,264.601608283763
859,0.4,8,109,2200,880000,278.3542884640505
860,0.4,8,110,2220,888000,219.45246070777043
861,0.4,8,111,2240,896000,234.37730454110027
862,0.4,8,112,2260,904000,125.72245422682128
863,0.4,8,113,2280,912000,46.16103986820738
864,0.4,8,114,2300,920000,226.19518197331303
865,0.4,8,115,2320,928000,261.2665077869448
866,0.4,8,116,2340,936000,197.20488708638015
867,0.4,8,117,2360,944000,258.36752618080413
868,0.4,8,118,2380,952000,258.83782756895414
869,0.4,8,119,2400,960000,166.80736819979973
870,0.4,8,120,2420,968000,251.50435823931016
871,0.4,8,121,2440,976000,279.4462735681183
872,0.4,8,122,2460,984000,197.0021337235226
873,0.4,8,123,2480,992000,195.7358366385957
874,0.4,8,124,2500,1000000,214.76753112758223
875,0.4,9,0,20,8000,7.713843886274324
876,0.4,9,1,40,16000,9.805087519250867
877,0.4,9,2,60,24000,-21.8470516053139
878,0.4,9,3,80,32000,-10.773212033060219
879,0.4,9,4,100,40000,-25.58323656579888
880,0.4,9,5,120,48000,-20.770966978197343
881,0.4,9,6,140,56000,14.931315052679532
882,0.4,9,7,160,64000,8.240090470478494
883,0.4,9,8,180,72000,12.525041374131941
884,0.4,9,9,200,80000,-4.282885745701475
885,0.4,9,10,220,88000,3.9618673416926695
886,0.4,9,11,240,96000,23.515451842370236
887,0.4,9,12,260,104000,11.469549392692514
888,0.4,9,13,280,112000,14.931315052679532
889,0.4,9,14,300,120000,-15.545047294551093
890,0.4,9,15,320,128000,25.062508501714344
891,0.4,9,16,340,136000,-19.870051941051017
892,0.4,9,17,360,144000,32.45672426330294
893,0.4,9,18,380,152000,10.411234333724702
894,0.4,9,19,400,160000,7.601280349571766
895,0.4,9,20,420,168000,75.47441460797336
896,0.4,9,21,440,176000,-18.657037092843396
897,0.4,9,22,460,184000,-3.0278311206840547
898,0.4,9,23,480,192000,-8.004232904169829
899,0.4,9,24,500,200000,12.873752733634083
900,0.4,9,25,520,208000,-46.68405408208791
901,0.4,9,26,540,216000,24.34511810075781
902,0.4,9,27,560,224000,92.94084676630646
903,0.4,9,28,580,232000,-24.257716816686752
904,0.4,9,29,600,240000,-7.136238905068491
905,0.4,9,30,620,248000,-7.800318757818149
906,0.4,9,31,640,256000,150.92505642433056
907,0.4,9,32,660,264000,86.56418308928234
908,0.4,9,33,680,272000,9.614228948181701
909,0.4,9,34,700,280000,24.000844812827047
910,0.4,9,35,720,288000,-51.3507948601969
911,0.4,9,36,740,296000,10.989116855531261
912,0.4,9,37,760,304000,70.88675209935641
913,0.4,9,38,780,312000,124.18316142953775
914,0.4,9,39,800,320000,23.459336028210178
915,0.4,9,40,820,328000,123.25111327058448
916,0.4,9,41,840,336000,59.00559677981744
917,0.4,9,42,860,344000,193.67704975077118
918,0.4,9,43,880,352000,9.614228948181701
919,0.4,9,44,900,360000,239.36456618497874
920,0.4,9,45,920,368000,163.80170135021638
921,0.4,9,46,940,376000,152.05181099666984
922,0.4,9,47,960,384000,232.7455251523817
923,0.4,9,48,980,392000,-14.87659404238617
924,0.4,9,49,1000,400000,125.94810086274364
925,0.4,9,50,1020,408000,165.506603319848
926,0.4,9,51,1040,416000,239.17755606796814
927,0.4,9,52,1060,424000,191.049228139376
928,0.4,9,53,1080,432000,156.1503709113608
929,0.4,9,54,1100,440000,233.1325259479503
930,0.4,9,55,1120,448000,220.0022858438706
931,0.4,9,56,1140,456000,47.239202038776774
932,0.4,9,57,1160,464000,230.11581819913644
933,0.4,9,58,1180,472000,37.151023943226456
934,0.4,9,59,1200,480000,50.72836503118454
935,0.4,9,60,1220,488000,71.90785290969988
936,0.4,9,61,1240,496000,245.8305200439786
937,0.4,9,62,1260,504000,149.09686700388878
938,0.4,9,63,1280,512000,-15.398179996188807
939,0.4,9,64,1300,520000,111.05162857001737
940,0.4,9,65,1320,528000,-7.985574609426928
941,0.4,9,66,1340,536000,222.03415517003015
942,0.4,9,67,1360,544000,239.0287243490067
943,0.4,9,68,1380,552000,11.948831539364349
944,0.4,9,69,1400,560000,218.65042943962598
945,0.4,9,70,1420,568000,141.98586146179076
946,0.4,9,71,1440,576000,218.30837738600198
947,0.4,9,72,1460,584000,96.76024434681867
948,0.4,9,73,1480,592000,277.6661003240971
949,0.4,9,74,1500,600000,49.56455385386443
950,0.4,9,75,1520,608000,162.314315598326
951,0.4,9,76,1540,616000,235.49703151007293
952,0.4,9,77,1560,624000,281.7737458424744
953,0.4,9,78,1580,632000,296.2604928911263
954,0.4,9,79,1600,640000,51.8090492203223
955,0.4,9,80,1620,648000,43.73406086488975
956,0.4,9,81,1640,656000,67.47765370109856
957,0.4,9,82,1660,664000,309.3634531851717
958,0.4,9,83,1680,672000,87.97202887738298
959,0.4,9,84,1700,680000,244.24374520153984
960,0.4,9,85,1720,688000,332.2249942102296
961,0.4,9,86,1740,696000,67.30945668069572
962,0.4,9,87,1760,704000,326.89257965496597
963,0.4,9,88,1780,712000,230.07401095983852
964,0.4,9,89,1800,720000,223.13309300667865
965,0.4,9,90,1820,728000,195.64706915722704
966,0.4,9,91,1840,736000,225.29455638873802
967,0.4,9,92,1860,744000,330.7440730507622
968,0.4,9,93,1880,752000,13.581467051241077
969,0.4,9,94,1900,760000,262.93135685848426
970,0.4,9,95,1920,768000,269.5429171915264
971,0.4,9,96,1940,776000,-10.151038615924678
972,0.4,9,97,1960,784000,279.46145970788024
973,0.4,9,98,1980,792000,291.1364422030631
974,0.4,9,99,2000,800000,180.43356525336725
975,0.4,9,100,2020,808000,286.12631953213463
976,0.4,9,101,2040,816000,-9.218396236361661
977,0.4,9,102,2060,824000,218.60482375236853
978,0.4,9,103,2080,832000,291.7198356029974
979,0.4,9,104,2100,840000,248.53673219016915
980,0.4,9,105,2120,848000,119.00639423196814
981,0.4,9,106,2140,856000,77.4242347982108
982,0.4,9,107,2160,864000,92.89082195390534
983,0.4,9,108,2180,872000,70.87217723875516
984,0.4,9,109,2200,880000,62.36005231981653
985,0.4,9,110,2220,888000,62.92239781106266
986,0.4,9,111,2240,896000,235.56371759309596
987,0.4,9,112,2260,904000,16.86466988521496
988,0.4,9,113,2280,912000,272.4407308308014
989,0.4,9,114,2300,920000,234.22371656328647
990,0.4,9,115,2320,928000,304.9908332418315
991,0.4,9,116,2340,936000,332.1842317195609
992,0.4,9,117,2360,944000,63.0321755538904
993,0.4,9,118,2380,952000,109.44190215373048
994,0.4,9,119,2400,960000,313.83225394985686
995,0.4,9,120,2420,968000,292.73087947744455
996,0.4,9,121,2440,976000,203.71603568531037
997,0.4,9,122,2460,984000,216.73344470614398
998,0.4,9,123,2480,992000,286.2802337228422
999,0.4,9,124,2500,1000000,339.21716906706854
1000,0.4,10,0,20,8000,-24.561017508075455
1001,0.4,10,1,40,16000,-21.008533459369076
1002,0.4,10,2,60,24000,-22.048370493139764
1003,0.4,10,3,80,32000,16.219591035623342
1004,0.4,10,4,100,40000,-0.21018581880347495
1005,0.4,10,5,120,48000,29.997941412913868
1006,0.4,10,6,140,56000,51.72131119074014
1007,0.4,10,7,160,64000,17.273467809570572
1008,0.4,10,8,180,72000,4.66021556106333
1009,0.4,10,9,200,80000,39.822279146404526
1010,0.4,10,10,220,88000,15.538456836467052
1011,0.4,10,11,240,96000,-21.74973690795378
1012,0.4,10,12,260,104000,9.614228948181701
1013,0.4,10,13,280,112000,-20.937262389654908
1014,0.4,10,14,300,120000,9.614228948181701
1015,0.4,10,15,320,128000,-15.227586369848215
1016,0.4,10,16,340,136000,14.931315052679532
1017,0.4,10,17,360,144000,-19.944706704421673
1018,0.4,10,18,380,152000,8.148713963598555
1019,0.4,10,19,400,160000,-42.19222567695391
1020,0.4,10,20,420,168000,36.42394160985069
1021,0.4,10,21,440,176000,41.923130409956755
1022,0.4,10,22,460,184000,26.51532012505833
1023,0.4,10,23,480,192000,39.225150257074446
1024,0.4,10,24,500,200000,-11.333236777807182
1025,0.4,10,25,520,208000,38.14736404389034
1026,0.4,10,26,540,216000,23.532104911608833
1027,0.4,10,27,560,224000,28.833522775369943
1028,0.4,10,28,580,232000,34.492716808149154
1029,0.4,10,29,600,240000,30.789082094556267
1030,0.4,10,30,620,248000,34.44705270856181
1031,0.4,10,31,640,256000,9.614228948181701
1032,0.4,10,32,660,264000,36.147423400897125
1033,0.4,10,33,680,272000,-15.240144933509182
1034,0.4,10,34,700,280000,7.652306167408244
1035,0.4,10,35,720,288000,16.532707136137365
1036,0.4,10,36,740,296000,37.61892600725801
1037,0.4,10,37,760,304000,16.275192190682812
1038,0.4,10,38,780,312000,23.61028314218853
1039,0.4,10,39,800,320000,-19.187601056020245
1040,0.4,10,40,820,328000,-21.211439872533326
1041,0.4,10,41,840,336000,33.80812961375941
1042,0.4,10,42,860,344000,-22.219907828416645
1043,0.4,10,43,880,352000,35.81723753486421
1044,0.4,10,44,900,360000,35.69006222453433
1045,0.4,10,45,920,368000,36.03330636582926
1046,0.4,10,46,940,376000,23.01816004317671
1047,0.4,10,47,960,384000,37.819180026212436
1048,0.4,10,48,980,392000,21.836105383700975
1049,0.4,10,49,1000,400000,37.23999630714816
1050,0.4,10,50,1020,408000,26.400894649446464
1051,0.4,10,51,1040,416000,-19.00920463164213
1052,0.4,10,52,1060,424000,35.91443503434533
1053,0.4,10,53,1080,432000,39.72675208443134
1054,0.4,10,54,1100,440000,36.012533383106856
1055,0.4,10,55,1120,448000,37.282802438896084
1056,0.4,10,56,1140,456000,21.148683101756436
1057,0.4,10,57,1160,464000,25.331330492019703
1058,0.4,10,58,1180,472000,41.23037023201506
1059,0.4,10,59,1200,480000,15.198153209688076
1060,0.4,10,60,1220,488000,39.142028953367905
1061,0.4,10,61,1240,496000,34.2546534727958
1062,0.4,10,62,1260,504000,23.1614658201646
1063,0.4,10,63,1280,512000,31.549015190635867
1064,0.4,10,64,1300,520000,40.44928558278538
1065,0.4,10,65,1320,528000,17.052892351176503
1066,0.4,10,66,1340,536000,20.13198289318583
1067,0.4,10,67,1360,544000,25.761078165740408
1068,0.4,10,68,1380,552000,-7.3516654557474705
1069,0.4,10,69,1400,560000,48.18616987129208
1070,0.4,10,70,1420,568000,41.57962622626984
1071,0.4,10,71,1440,576000,23.801233879392957
1072,0.4,10,72,1460,584000,4.57904234058922
1073,0.4,10,73,1480,592000,23.039041400346015
1074,0.4,10,74,1500,600000,50.71325491968176
1075,0.4,10,75,1520,608000,27.216323701285262
1076,0.4,10,76,1540,616000,44.36094548568696
1077,0.4,10,77,1560,624000,41.09235511831957
1078,0.4,10,78,1580,632000,37.04136474808752
1079,0.4,10,79,1600,640000,40.11854978522516
1080,0.4,10,80,1620,648000,39.03825792990508
1081,0.4,10,81,1640,656000,-14.272470536540785
1082,0.4,10,82,1660,664000,27.53540750106789
1083,0.4,10,83,1680,672000,8.235596987145176
1084,0.4,10,84,1700,680000,41.95962597676963
1085,0.4,10,85,1720,688000,45.53959621625506
1086,0.4,10,86,1740,696000,50.77056860090827
1087,0.4,10,87,1760,704000,35.59253240004352
1088,0.4,10,88,1780,712000,42.649082779009284
1089,0.4,10,89,1800,720000,32.93914737722977
1090,0.4,10,90,1820,728000,37.14484843216361
1091,0.4,10,91,1840,736000,0.07364840186666574
1092,0.4,10,92,1860,744000,-7.335475047718887
1093,0.4,10,93,1880,752000,44.999827304362135
1094,0.4,10,94,1900,760000,37.84040771350695
1095,0.4,10,95,1920,768000,40.054921391332
1096,0.4,10,96,1940,776000,27.39289825174597
1097,0.4,10,97,1960,784000,-7.508199318093766
1098,0.4,10,98,1980,792000,27.670956461331105
1099,0.4,10,99,2000,800000,13.302389688951774
1100,0.4,10,100,2020,808000,38.07384958641385
1101,0.4,10,101,2040,816000,37.3147987777552
1102,0.4,10,102,2060,824000,24.912474440610552
1103,0.4,10,103,2080,832000,34.165955268179474
1104,0.4,10,104,2100,840000,25.687668857227816
1105,0.4,10,105,2120,848000,38.23537690554631
1106,0.4,10,106,2140,856000,4.403013870445069
1107,0.4,10,107,2160,864000,28.861530415732613
1108,0.4,10,108,2180,872000,2.603305201723067
1109,0.4,10,109,2200,880000,21.57154475738665
1110,0.4,10,110,2220,888000,26.038094188566948
1111,0.4,10,111,2240,896000,0.09428779220218635
1112,0.4,10,112,2260,904000,36.842361696447526
1113,0.4,10,113,2280,912000,9.491525201591356
1114,0.4,10,114,2300,920000,36.07319948139387
1115,0.4,10,115,2320,928000,19.588424509237743
1116,0.4,10,116,2340,936000,35.744722406536155
1117,0.4,10,117,2360,944000,8.609013414410438
1118,0.4,10,118,2380,952000,30.56547296264975
1119,0.4,10,119,2400,960000,40.80177848727995
1120,0.4,10,120,2420,968000,13.49541688512303
1121,0.4,10,121,2440,976000,44.744924766530914
1122,0.4,10,122,2460,984000,42.82153810222944
1123,0.4,10,123,2480,992000,28.514401149166353
1124,0.4,10,124,2500,1000000,48.14697242665567
1125,0.4,11,0,20,8000,-3.9149996888877716
1126,0.4,11,1,40,16000,-0.6012797992758558
1127,0.4,11,2,60,24000,14.931315052679532
1128,0.4,11,3,80,32000,-5.434424878670581
1129,0.4,11,4,100,40000,17.390111604039742
1130,0.4,11,5,120,48000,14.931315052679532
1131,0.4,11,6,140,56000,36.22186168530267
1132,0.4,11,7,160,64000,-22.048370493139764
1133,0.4,11,8,180,72000,-18.650070147288126
1134,0.4,11,9,200,80000,-16.222506938788335
1135,0.4,11,10,220,88000,33.25348976352903
1136,0.4,11,11,240,96000,7.974792418214077
1137,0.4,11,12,260,104000,5.519419552670165
1138,0.4,11,13,280,112000,36.51274683605537
1139,0.4,11,14,300,120000,22.270400686554563
1140,0.4,11,15,320,128000,5.606466603287268
1141,0.4,11,16,340,136000,-4.413974099919345
1142,0.4,11,17,360,144000,35.775179002726645
1143,0.4,11,18,380,152000,14.931315052679532
1144,0.4,11,19,400,160000,-16.762296279229716
1145,0.4,11,20,420,168000,24.348032686910475
1146,0.4,11,21,440,176000,29.815502039699417
1147,0.4,11,22,460,184000,9.751726892457627
1148,0.4,11,23,480,192000,17.576971887469927
1149,0.4,11,24,500,200000,13.463996875721886
1150,0.4,11,25,520,208000,42.90646818732826
1151,0.4,11,26,540,216000,30.72921668349094
1152,0.4,11,27,560,224000,-25.17985049257264
1153,0.4,11,28,580,232000,29.495374109744272
1154,0.4,11,29,600,240000,28.587567006406033
1155,0.4,11,30,620,248000,23.194026234637835
1156,0.4,11,31,640,256000,0.5317771448766754
1157,0.4,11,32,660,264000,23.845817910960324
1158,0.4,11,33,680,272000,24.03024172338523
1159,0.4,11,34,700,280000,33.77065773263702
1160,0.4,11,35,720,288000,11.821144251327613
1161,0.4,11,36,740,296000,-5.586761325268489
1162,0.4,11,37,760,304000,28.055293224345366
1163,0.4,11,38,780,312000,19.965597455971526
1164,0.4,11,39,800,320000,26.850561416268704
1165,0.4,11,40,820,328000,29.065277541270838
1166,0.4,11,41,840,336000,39.206415973758816
1167,0.4,11,42,860,344000,25.73644719024686
1168,0.4,11,43,880,352000,37.53981774900343
1169,0.4,11,44,900,360000,1.4270303233606068
1170,0.4,11,45,920,368000,99.8464946490054
1171,0.4,11,46,940,376000,70.84946711868068
1172,0.4,11,47,960,384000,24.538037465975925
1173,0.4,11,48,980,392000,30.37724125616063
1174,0.4,11,49,1000,400000,0.3496934924391974
1175,0.4,11,50,1020,408000,74.6314479829406
1176,0.4,11,51,1040,416000,70.53346698966314
1177,0.4,11,52,1060,424000,-10.280058994587812
1178,0.4,11,53,1080,432000,85.61251668087252
1179,0.4,11,54,1100,440000,-12.489503538151244
1180,0.4,11,55,1120,448000,-11.601417052710294
1181,0.4,11,56,1140,456000,19.10752737410693
1182,0.4,11,57,1160,464000,26.52092782933618
1183,0.4,11,58,1180,472000,88.18978724362361
1184,0.4,11,59,1200,480000,-1.7449836165724695
1185,0.4,11,60,1220,488000,275.13842907777314
1186,0.4,11,61,1240,496000,94.32853281841602
1187,0.4,11,62,1260,504000,191.416665856053
1188,0.4,11,63,1280,512000,236.93874024422644
1189,0.4,11,64,1300,520000,22.364092900724327
1190,0.4,11,65,1320,528000,231.9185691548568
1191,0.4,11,66,1340,536000,60.92585537177621
1192,0.4,11,67,1360,544000,17.982369180755377
1193,0.4,11,68,1380,552000,243.77106797875217
1194,0.4,11,69,1400,560000,112.83624678725876
1195,0.4,11,70,1420,568000,197.37204230227107
1196,0.4,11,71,1440,576000,241.70588434068955
1197,0.4,11,72,1460,584000,175.9823791882829
1198,0.4,11,73,1480,592000,193.55820995109656
1199,0.4,11,74,1500,600000,94.2632671300142
1200,0.4,11,75,1520,608000,246.72129358883709
1201,0.4,11,76,1540,616000,155.1911442368301
1202,0.4,11,77,1560,624000,174.74873256626654
1203,0.4,11,78,1580,632000,221.9699853811926
1204,0.4,11,79,1600,640000,101.64858550002309
1205,0.4,11,80,1620,648000,269.77307429387724
1206,0.4,11,81,1640,656000,299.4817692053757
1207,0.4,11,82,1660,664000,226.06340988269395
1208,0.4,11,83,1680,672000,233.71696013793843
1209,0.4,11,84,1700,680000,248.25125960464212
1210,0.4,11,85,1720,688000,175.72133576499118
1211,0.4,11,86,1740,696000,214.51323661935726
1212,0.4,11,87,1760,704000,274.793650600291
1213,0.4,11,88,1780,712000,252.64179012269128
1214,0.4,11,89,1800,720000,259.1924421710339
1215,0.4,11,90,1820,728000,64.38985512578193
1216,0.4,11,91,1840,736000,266.8995650416508
1217,0.4,11,92,1860,744000,154.8989349402941
1218,0.4,11,93,1880,752000,231.41873152257918
1219,0.4,11,94,1900,760000,277.7351367735278
1220,0.4,11,95,1920,768000,251.87404153128756
1221,0.4,11,96,1940,776000,100.84639912345042
1222,0.4,11,97,1960,784000,251.52595490384405
1223,0.4,11,98,1980,792000,245.95339984208493
1224,0.4,11,99,2000,800000,227.50428938896522
1225,0.4,11,100,2020,808000,257.5394798632721
1226,0.4,11,101,2040,816000,44.3234520379403
1227,0.4,11,102,2060,824000,242.2403233616566
1228,0.4,11,103,2080,832000,115.0598802125915
1229,0.4,11,104,2100,840000,107.43119971172982
1230,0.4,11,105,2120,848000,47.38865872847518
1231,0.4,11,106,2140,856000,291.8793855760779
1232,0.4,11,107,2160,864000,55.37482046973669
1233,0.4,11,108,2180,872000,298.8953452480424
1234,0.4,11,109,2200,880000,258.1342687485854
1235,0.4,11,110,2220,888000,271.9496717864621
1236,0.4,11,111,2240,896000,309.2588753531018
1237,0.4,11,112,2260,904000,305.27102892600203
1238,0.4,11,113,2280,912000,18.855624354994752
1239,0.4,11,114,2300,920000,173.84827438938075
1240,0.4,11,115,2320,928000,125.81997931895516
1241,0.4,11,116,2340,936000,33.35483172962714
1242,0.4,11,117,2360,944000,221.04606830679558
1243,0.4,11,118,2380,952000,299.83464000069546
1244,0.4,11,119,2400,960000,193.3858822831514
1245,0.4,11,120,2420,968000,158.72984663385796
1246,0.4,11,121,2440,976000,21.71580483006679
1247,0.4,11,122,2460,984000,89.70128602955609
1248,0.4,11,123,2480,992000,235.65117948185224
1249,0.4,11,124,2500,1000000,222.93644972488838
