,accuracy,n_surf,score,n_eval
0,1.0,0,16.384335831818202,50
1,1.0,1,5.662892770923134,50
2,1.0,2,792.6343347674847,50
3,1.0,3,1.0033814655783444,50
4,1.0,4,338.0411690103304,50
5,1.0,5,24.163564327190308,50
6,1.0,6,1.1613485280911167,50
7,1.0,7,4.581807920766003,50
8,1.0,8,1.1613485280911167,50
9,1.0,9,3.2243025214840384,50
10,1.0,10,1.1613485280911167,50
11,1.0,11,42.457175789372805,50
12,1.0,12,5.5605745013284205,50
13,1.0,13,122.67380017368085,50
14,1.0,14,0.9582187831284498,50
15,1.0,15,22.17762777782178,50
16,1.0,16,2.141338705285146,50
17,1.0,17,0.8395182189326711,50
18,1.0,18,1.6442829235866463,50
19,1.0,19,80.52773853489006,50
20,1.0,20,2.141338705285146,50
21,1.0,21,1.8668684725338904,50
22,1.0,22,1.1613485280911167,50
23,1.0,23,9.911157101820054,50
24,1.0,24,1.169319463848541,50
25,1.0,25,1.4261148116233675,50
26,1.0,26,1.1883496617681086,50
27,1.0,27,1.3382557922790235,50
28,1.0,28,11.87665009367187,50
29,1.0,29,2.9295561097492655,50
30,1.0,30,36.653264204205236,50
31,1.0,31,1.995981648649618,50
32,1.0,32,1.1558522275817709,50
33,1.0,33,19.675087465772805,50
34,1.0,34,2.141338705285146,50
35,1.0,35,2.8901124710043335,50
36,1.0,36,6.796857960545598,50
37,1.0,37,52.75877168295291,50
38,1.0,38,1.7878665656348929,50
39,1.0,39,2.2823344651760586,50
40,1.0,40,2.048227723544223,50
41,1.0,41,1.6424907013950918,50
42,1.0,42,2.146550394997024,50
43,1.0,43,2.56133375443521,50
44,1.0,44,4.701967554301298,50
45,1.0,45,2.5212766628296217,50
46,1.0,46,1.333456534104113,50
47,1.0,47,33.47939761006117,50
48,1.0,48,17.08174616772594,50
49,1.0,49,1.1170739583869949,50
50,1.0,50,1.1613485280911167,50
51,1.0,51,1.373117836844306,50
52,1.0,52,1.875589926535832,50
53,1.0,53,1.9632156653594977,50
54,1.0,54,1.4023086564349805,50
55,1.0,55,3.21749051837016,50
56,1.0,56,2.141338705285146,50
57,1.0,57,3.741147671114705,50
58,1.0,58,5.897382327700098,50
59,1.0,59,1.462844725062299,50
60,1.0,60,2.259312410041888,50
61,1.0,61,3.4969081283954306,50
62,1.0,62,6.759567609967317,50
63,1.0,63,3.351210620232203,50
64,1.0,64,5.43417974483411,50
65,1.0,65,1.1420366200953025,50
66,1.0,66,2.7161817629924205,50
67,1.0,67,6.161109450053703,50
68,1.0,68,57.36822461716838,50
69,1.0,69,1.8394993167258817,50
70,1.0,70,1.1613485280911167,50
71,1.0,71,1.7789800190912946,50
72,1.0,72,0.8947049359404456,50
73,1.0,73,1.3815479060267,50
74,1.0,74,1.3138700212401178,50
75,1.0,75,1.7397301149970996,50
76,1.0,76,1.0330590437451348,50
77,1.0,77,1673.7037083569733,50
78,1.0,78,9.002935159578824,50
79,1.0,79,134.70412729156342,50
80,1.0,80,2.7381630602744713,50
81,1.0,81,7.148738881741932,50
82,1.0,82,2.141338705285146,50
83,1.0,83,1.1168873781361328,50
84,1.0,84,18.586842159321762,50
85,1.0,85,105.2442854711432,50
86,1.0,86,5510.005522415881,50
87,1.0,87,23.83363536175503,50
88,1.0,88,1.7748982259723194,50
89,1.0,89,9.136111206173387,50
90,1.0,90,736.4005999023691,50
91,1.0,91,9.164952303876406,50
92,1.0,92,2.0412547421107,50
93,1.0,93,2.141338705285146,50
94,1.0,94,1.1974169296889159,50
95,1.0,95,1.7729192212704123,50
96,1.0,96,2.6195799661704613,50
97,1.0,97,1.2786131444035502,50
98,1.0,98,163.05231667053712,50
99,1.0,99,1.1613485280911167,50
100,0.9,0,12.847281466676668,45
101,0.9,1,6.0399136009694905,45
102,0.9,2,871.4774546595387,45
103,0.9,3,1.0358506999776058,45
104,0.9,4,365.6284862407263,45
105,0.9,5,24.819040219419463,45
106,0.9,6,1.1102607735749705,45
107,0.9,7,4.619611041099617,45
108,0.9,8,1.1102607735749705,45
109,0.9,9,3.3927510654815136,45
110,0.9,10,1.1102607735749705,45
111,0.9,11,46.020629210256914,45
112,0.9,12,6.071241804488821,45
113,0.9,13,127.27442662706189,45
114,0.9,14,0.9093261932660667,45
115,0.9,15,16.47157662775308,45
116,0.9,16,2.088027637123892,45
117,0.9,17,0.7871968992656763,45
118,0.9,18,1.5749738326590144,45
119,0.9,19,85.33373243670773,45
120,0.9,20,2.088027637123892,45
121,0.9,21,1.9267971337542815,45
122,0.9,22,1.1102607735749705,45
123,0.9,23,10.723356234979146,45
124,0.9,24,1.1195866621311605,45
125,0.9,25,1.3810091353229457,45
126,0.9,26,1.1694114344276434,45
127,0.9,27,1.282987175545859,45
128,0.9,28,12.153511506181953,45
129,0.9,29,2.7026380306131514,45
130,0.9,30,38.58706802469491,45
131,0.9,31,1.9843375106946781,45
132,0.9,32,1.1079931308278803,45
133,0.9,33,21.529064508975736,45
134,0.9,34,2.088027637123892,45
135,0.9,35,3.1106680841380814,45
136,0.9,36,7.358117814219948,45
137,0.9,37,58.38535194953632,45
138,0.9,38,1.7145486481648506,45
139,0.9,39,2.300552953876787,45
140,0.9,40,2.004050254596881,45
141,0.9,41,1.6108113880568444,45
142,0.9,42,2.09323932683577,45
143,0.9,43,2.571534982478357,45
144,0.9,44,4.662261164140714,45
145,0.9,45,2.6004607317384236,45
146,0.9,46,1.2962628279706327,45
147,0.9,47,28.794936811085982,45
148,0.9,48,18.009630980773125,45
149,0.9,49,1.1126906501239968,45
150,0.9,50,1.1102607735749705,45
151,0.9,51,1.3253238663251938,45
152,0.9,52,1.8736622525470608,45
153,0.9,53,1.9099045971982438,45
154,0.9,54,1.3259664554619843,45
155,0.9,55,3.408447461148998,45
156,0.9,56,2.088027637123892,45
157,0.9,57,3.803893769687836,45
158,0.9,58,6.465593124420584,45
159,0.9,59,1.439307566272462,45
160,0.9,60,2.3490183520619308,45
161,0.9,61,3.523173437058389,45
162,0.9,62,6.486092496721101,45
163,0.9,63,3.353910494782476,45
164,0.9,64,5.491145118675256,45
165,0.9,65,1.0895121955592955,45
166,0.9,66,2.7743416190094012,45
167,0.9,67,6.595476757218765,45
168,0.9,68,46.16838739003494,45
169,0.9,69,1.8114113521759108,45
170,0.9,70,1.1102607735749705,45
171,0.9,71,1.6573513394590487,45
172,0.9,72,0.8487132648899978,45
173,0.9,73,1.4341212982657399,45
174,0.9,74,1.3797723082459676,45
175,0.9,75,1.8394411081297597,45
176,0.9,76,1.00799465034701,45
177,0.9,77,1847.734784151704,45
178,0.9,78,9.680975076925714,45
179,0.9,79,142.84135584608424,45
180,0.9,80,2.776662988246736,45
181,0.9,81,6.91794242405505,45
182,0.9,82,2.088027637123892,45
183,0.9,83,1.071019897900974,45
184,0.9,84,19.217744088231743,45
185,0.9,85,91.24171306554652,45
186,0.9,86,6116.344515266254,45
187,0.9,87,26.142371188430484,45
188,0.9,88,1.7131549527764947,45
189,0.9,89,9.789466277346113,45
190,0.9,90,792.7864508450014,45
191,0.9,91,9.848533583640979,45
192,0.9,92,1.9474827903859224,45
193,0.9,93,2.088027637123892,45
194,0.9,94,1.1402350295932169,45
195,0.9,95,1.8154563607029686,45
196,0.9,96,2.6620065986384893,45
197,0.9,97,1.202869114776783,45
198,0.9,98,167.29958905126037,45
199,0.9,99,1.1102607735749705,45
200,0.8,0,13.720371649062653,40
201,0.8,1,6.183704722598545,40
202,0.8,2,959.3205775512009,40
203,0.8,3,0.938404025281196,40
204,0.8,4,409.02017673187146,40
205,0.8,5,13.63668160077638,40
206,0.8,6,1.0973338007237516,40
207,0.8,7,4.633125656904856,40
208,0.8,8,1.0973338007237516,40
209,0.8,9,3.0870601873388197,40
210,0.8,10,1.0973338007237516,40
211,0.8,11,50.25770464316866,40
212,0.8,12,5.729908660201626,40
213,0.8,13,81.16063769463452,40
214,0.8,14,0.8882894474937325,40
215,0.8,15,17.90799419338085,40
216,0.8,16,2.072321522216288,40
217,0.8,17,0.7763428469201982,40
218,0.8,18,1.4371262093436759,40
219,0.8,19,92.44008599980064,40
220,0.8,20,2.072321522216288,40
221,0.8,21,1.9397402657526812,40
222,0.8,22,1.0973338007237516,40
223,0.8,23,11.114472759494138,40
224,0.8,24,1.1046307899336372,40
225,0.8,25,1.3503293414416837,40
226,0.8,26,1.158312941624016,40
227,0.8,27,1.1918012855992077,40
228,0.8,28,12.983869219082877,40
229,0.8,29,2.0736699670843945,40
230,0.8,30,40.68299629174065,40
231,0.8,31,1.9421804011083985,40
232,0.8,32,1.0895534213549032,40
233,0.8,33,23.72973835856119,40
234,0.8,34,2.072321522216288,40
235,0.8,35,3.411911374740769,40
236,0.8,36,8.049073074190193,40
237,0.8,37,60.539368585963054,40
238,0.8,38,1.702814492283003,40
239,0.8,39,2.4333410999342027,40
240,0.8,40,1.6394572069620121,40
241,0.8,41,1.6369783502950135,40
242,0.8,42,2.0775332119281664,40
243,0.8,43,2.6113755694878646,40
244,0.8,44,4.702706060560023,40
245,0.8,45,2.6789050896387563,40
246,0.8,46,1.2678635812288122,40
247,0.8,47,31.76306384125838,40
248,0.8,48,16.055043107054622,40
249,0.8,49,1.1037333842288852,40
250,0.8,50,1.0973338007237516,40
251,0.8,51,1.3130412297069114,40
252,0.8,52,1.5988437226865329,40
253,0.8,53,1.89419848229064,40
254,0.8,54,1.28950231958732,40
255,0.8,55,3.6732914673140633,40
256,0.8,56,2.072321522216288,40
257,0.8,57,3.8626833857333613,40
258,0.8,58,7.153644443683613,40
259,0.8,59,1.4184445325006583,40
260,0.8,60,2.567566052868771,40
261,0.8,61,3.581936423342775,40
262,0.8,62,6.791068412699869,40
263,0.8,63,3.134059212042693,40
264,0.8,64,5.367091169272806,40
265,0.8,65,1.0730718359904408,40
266,0.8,66,2.8770025724770587,40
267,0.8,67,4.9958911695407995,40
268,0.8,68,51.43308072066526,40
269,0.8,69,1.7821100512256152,40
270,0.8,70,1.0973338007237516,40
271,0.8,71,1.6629263269763144,40
272,0.8,72,0.8319984824688025,40
273,0.8,73,1.4189984780301734,40
274,0.8,74,1.4270509954750579,40
275,0.8,75,1.9170307403351134,40
276,0.8,76,0.9874154116588482,40
277,0.8,77,2047.3210311938778,40
278,0.8,78,10.330842010998502,40
279,0.8,79,154.76335767030338,40
280,0.8,80,2.817195181330099,40
281,0.8,81,5.473482564623118,40
282,0.8,82,2.072321522216288,40
283,0.8,83,1.0545046818439114,40
284,0.8,84,20.76716671638385,40
285,0.8,85,76.05448782680699,40
286,0.8,86,6796.416719036611,40
287,0.8,87,28.375524045837686,40
288,0.8,88,1.6815436219327693,40
289,0.8,89,8.427771364687974,40
290,0.8,90,511.0930920083291,40
291,0.8,91,10.531177291790385,40
292,0.8,92,1.9541689268528324,40
293,0.8,93,2.072321522216288,40
294,0.8,94,1.1310866473716845,40
295,0.8,95,1.6573659651072272,40
296,0.8,96,2.335276016414639,40
297,0.8,97,1.171234193843351,40
298,0.8,98,169.9427599242842,40
299,0.8,99,1.0973338007237516,40
300,0.7,0,13.811691960007547,35
301,0.7,1,6.609280759925621,35
302,0.7,2,1084.4597512874984,35
303,0.7,3,0.9835088672476904,35
304,0.7,4,466.71167687640286,35
305,0.7,5,13.447620142854428,35
306,0.7,6,1.051203520756926,35
307,0.7,7,4.199070567512878,35
308,0.7,8,1.051203520756926,35
309,0.7,9,3.3245571602853787,35
310,0.7,10,1.051203520756926,35
311,0.7,11,57.107986955737466,35
312,0.7,12,5.104267685411604,35
313,0.7,13,87.69904595769623,35
314,0.7,14,0.8416072314442236,35
315,0.7,15,19.422895714963797,35
316,0.7,16,2.02689950236539,35
317,0.7,17,0.6940028375072517,35
318,0.7,18,1.4479408284377924,35
319,0.7,19,90.81830999145531,35
320,0.7,20,2.02689950236539,35
321,0.7,21,1.9959093227534115,35
322,0.7,22,1.051203520756926,35
323,0.7,23,12.525099990131606,35
324,0.7,24,1.050707137783835,35
325,0.7,25,1.3448853063357689,35
326,0.7,26,1.1219691464215062,35
327,0.7,27,1.1422617771583095,35
328,0.7,28,14.230344334266201,35
329,0.7,29,2.067922345746318,35
330,0.7,30,44.92065102172768,35
331,0.7,31,1.8197240723026864,35
332,0.7,32,1.0482027742655247,35
333,0.7,33,8.375615377461132,35
334,0.7,34,2.02689950236539,35
335,0.7,35,3.81092230542232,35
336,0.7,36,5.087788448718362,35
337,0.7,37,69.03093099343172,35
338,0.7,38,1.6194823005405674,35
339,0.7,39,2.478080409005279,35
340,0.7,40,1.769779545847468,35
341,0.7,41,1.5335983856231594,35
342,0.7,42,2.0321111920772688,35
343,0.7,43,2.1518903980311266,35
344,0.7,44,4.1486302174456995,35
345,0.7,45,2.3954154950557256,35
346,0.7,46,1.253889158107737,35
347,0.7,47,30.18073640719469,35
348,0.7,48,13.768319997915782,35
349,0.7,49,1.084339339721783,35
350,0.7,50,1.051203520756926,35
351,0.7,51,1.2556279958987373,35
352,0.7,52,1.6049023062368701,35
353,0.7,53,1.8487764624397423,35
354,0.7,54,1.1826766643134405,35
355,0.7,55,3.623047770132177,35
356,0.7,56,2.02689950236539,35
357,0.7,57,4.082555251919234,35
358,0.7,58,7.581231338457836,35
359,0.7,59,1.3790533067990356,35
360,0.7,60,2.726131074196907,35
361,0.7,61,3.6238809894360626,35
362,0.7,62,5.213749126086064,35
363,0.7,63,3.172555944565247,35
364,0.7,64,5.615894567468218,35
365,0.7,65,1.023960860384339,35
366,0.7,66,2.6578957809965242,35
367,0.7,67,4.973096475814749,35
368,0.7,68,48.065685706157225,35
369,0.7,69,1.7269759369201065,35
370,0.7,70,1.051203520756926,35
371,0.7,71,1.424426552862321,35
372,0.7,72,0.7679538341576471,35
373,0.7,73,1.3275026306815403,35
374,0.7,74,1.3470968159939414,35
375,0.7,75,1.901888356927738,35
376,0.7,76,0.9953709480526218,35
377,0.7,77,689.6313900677382,35
378,0.7,78,8.877131037313575,35
379,0.7,79,158.8694462285065,35
380,0.7,80,2.398341026070491,35
381,0.7,81,5.4064838300201865,35
382,0.7,82,2.02689950236539,35
383,0.7,83,1.0217888868851805,35
384,0.7,84,17.964324008896856,35
385,0.7,85,48.58518007186429,35
386,0.7,86,2124.2260409869436,35
387,0.7,87,27.62352431279978,35
388,0.7,88,1.6467458551136098,35
389,0.7,89,8.995536974990042,35
390,0.7,90,557.0266057607796,35
391,0.7,91,11.615597779120007,35
392,0.7,92,1.9289685397659622,35
393,0.7,93,2.02689950236539,35
394,0.7,94,1.0861113853425761,35
395,0.7,95,1.670045775190109,35
396,0.7,96,2.4679259996749234,35
397,0.7,97,1.1769552569170978,35
398,0.7,98,158.7249703073459,35
399,0.7,99,1.051203520756926,35
400,0.6,0,15.805144901749287,30
401,0.6,1,4.962766211810033,30
402,0.6,2,1231.9147449463685,30
403,0.6,3,1.0956203227477546,30
404,0.6,4,543.4367487948407,30
405,0.6,5,14.428554657478228,30
406,0.6,6,0.923720343549625,30
407,0.6,7,4.302348371924754,30
408,0.6,8,0.923720343549625,30
409,0.6,9,3.5745425376496787,30
410,0.6,10,0.923720343549625,30
411,0.6,11,66.30117704692415,30
412,0.6,12,5.825158459620068,30
413,0.6,13,95.62152372805075,30
414,0.6,14,0.726927853453806,30
415,0.6,15,21.319959284271828,30
416,0.6,16,1.8953656554261662,30
417,0.6,17,0.5869838587768619,30
418,0.6,18,1.3627259432741232,30
419,0.6,19,69.49775257541548,30
420,0.6,20,1.8953656554261662,30
421,0.6,21,2.0529453816241943,30
422,0.6,22,0.923720343549625,30
423,0.6,23,14.214104057867022,30
424,0.6,24,0.9193636855215129,30
425,0.6,25,1.2790868559492383,30
426,0.6,26,1.0650511743431834,30
427,0.6,27,1.0220129365190835,30
428,0.6,28,15.360789025591512,30
429,0.6,29,2.123345205184106,30
430,0.6,30,50.81843073117533,30
431,0.6,31,1.6886201313190128,30
432,0.6,32,0.9459714010897052,30
433,0.6,33,9.291205748915088,30
434,0.6,34,1.8953656554261662,30
435,0.6,35,4.099456151962161,30
436,0.6,36,5.505871910404106,30
437,0.6,37,76.61692987948045,30
438,0.6,38,1.411382748798158,30
439,0.6,39,2.394444972080692,30
440,0.6,40,1.7861073610960656,30
441,0.6,41,1.38486099885804,30
442,0.6,42,1.9005773451380448,30
443,0.6,43,2.0578500150557115,30
444,0.6,44,4.354082768597984,30
445,0.6,45,2.509964002203228,30
446,0.6,46,1.1648871340939595,30
447,0.6,47,15.801700620161057,30
448,0.6,48,14.398707532262886,30
449,0.6,49,1.0636252910753918,30
450,0.6,50,0.923720343549625,30
451,0.6,51,1.1952494626198418,30
452,0.6,52,1.6482912017117013,30
453,0.6,53,1.7172426155005185,30
454,0.6,54,1.0810923075287713,30
455,0.6,55,3.8351133438889753,30
456,0.6,56,1.8953656554261662,30
457,0.6,57,4.31853888772724,30
458,0.6,58,4.917401195476712,30
459,0.6,59,1.2933149036839529,30
460,0.6,60,2.7362823501191285,30
461,0.6,61,3.5356069075731806,30
462,0.6,62,4.1567938850676525,30
463,0.6,63,3.1046177963430437,30
464,0.6,64,5.598915701577082,30
465,0.6,65,0.9001143383019207,30
466,0.6,66,2.673382978931987,30
467,0.6,67,5.310297604201541,30
468,0.6,68,31.39577354801551,30
469,0.6,69,1.6569267677259,30
470,0.6,70,0.923720343549625,30
471,0.6,71,1.3537271441397638,30
472,0.6,72,0.6565423325031835,30
473,0.6,73,1.3511095018466206,30
474,0.6,74,1.4156855464750087,30
475,0.6,75,2.0812667680711936,30
476,0.6,76,0.9710822325698649,30
477,0.6,77,727.6395763942367,30
478,0.6,78,9.814968013724128,30
479,0.6,79,176.13610563845384,30
480,0.6,80,2.433551415138981,30
481,0.6,81,5.004013199790134,30
482,0.6,82,1.8953656554261662,30
483,0.6,83,0.9177531166819229,30
484,0.6,84,17.883697049417822,30
485,0.6,85,55.140106724528714,30
486,0.6,86,2408.243938673981,30
487,0.6,87,32.005833331611804,30
488,0.6,88,1.534651092653185,30
489,0.6,89,9.87290522588001,30
490,0.6,90,631.8815349372179,30
491,0.6,91,10.564620082864186,30
492,0.6,92,1.7228047232122132,30
493,0.6,93,1.8953656554261662,30
494,0.6,94,0.9546297395511666,30
495,0.6,95,1.7128356016936421,30
496,0.6,96,2.5733532776541788,30
497,0.6,97,1.13256105962724,30
498,0.6,98,159.04999821525954,30
499,0.6,99,0.923720343549625,30
500,0.5,0,18.44919533401851,25
501,0.5,1,4.230596226938639,25
502,0.5,2,126.90352589339582,25
503,0.5,3,1.1945646874724587,25
504,0.5,4,586.8921689238313,25
505,0.5,5,4.550458644710912,25
506,0.5,6,0.7963956628535154,25
507,0.5,7,4.7743778474494425,25
508,0.5,8,0.7963956628535154,25
509,0.5,9,2.433422731601669,25
510,0.5,10,0.7963956628535154,25
511,0.5,11,77.21956036835336,25
512,0.5,12,6.622620164904134,25
513,0.5,13,114.5147208990448,25
514,0.5,14,0.6124679595839779,25
515,0.5,15,2.7061099195992506,25
516,0.5,16,1.7623700371053652,25
517,0.5,17,0.49578034864841264,25
518,0.5,18,1.3669360343314496,25
519,0.5,19,80.38157561473676,25
520,0.5,20,1.7623700371053652,25
521,0.5,21,2.094114912751235,25
522,0.5,22,0.7963956628535154,25
523,0.5,23,16.1359093026863,25
524,0.5,24,0.7836441158078113,25
525,0.5,25,1.2304477817738937,25
526,0.5,26,0.9998402208525861,25
527,0.5,27,0.9295738194164955,25
528,0.5,28,17.362566489198194,25
529,0.5,29,2.1233879318834155,25
530,0.5,30,59.06944359043726,25
531,0.5,31,1.6846984139207288,25
532,0.5,32,0.852555955778848,25
533,0.5,33,10.052460450453687,25
534,0.5,34,1.7623700371053652,25
535,0.5,35,4.623459584755928,25
536,0.5,36,5.765457255628429,25
537,0.5,37,88.40373166375534,25
538,0.5,38,1.1936511309815918,25
539,0.5,39,2.3748805210347386,25
540,0.5,40,1.7117560244303431,25
541,0.5,41,1.2260614661613805,25
542,0.5,42,1.7675817268172436,25
543,0.5,43,2.133314611164248,25
544,0.5,44,4.57828455069931,25
545,0.5,45,2.709587000823115,25
546,0.5,46,1.093332237196182,25
547,0.5,47,14.346407977522388,25
548,0.5,48,11.458957995218125,25
549,0.5,49,1.0373584399220057,25
550,0.5,50,0.7963956628535154,25
551,0.5,51,1.0277480111759727,25
552,0.5,52,1.69971611516202,25
553,0.5,53,1.5842469971797173,25
554,0.5,54,1.0215148065570414,25
555,0.5,55,4.2763155243487585,25
556,0.5,56,1.7623700371053652,25
557,0.5,57,4.740874733503281,25
558,0.5,58,1.7710919937771834,25
559,0.5,59,1.2411284903489834,25
560,0.5,60,2.634076753495823,25
561,0.5,61,3.7778630711328263,25
562,0.5,62,2.5903548991898253,25
563,0.5,63,2.9112044899761607,25
564,0.5,64,5.104391987856238,25
565,0.5,65,0.7793212515303573,25
566,0.5,66,2.821905702438266,25
567,0.5,67,4.711930598606249,25
568,0.5,68,29.545547768440446,25
569,0.5,69,1.5630213821467942,25
570,0.5,70,0.7963956628535154,25
571,0.5,71,1.1418262344084433,25
572,0.5,72,0.5514320672126669,25
573,0.5,73,1.3174412463307572,25
574,0.5,74,1.5101230839627398,25
575,0.5,75,2.3620257271844407,25
576,0.5,76,0.9570945911060516,25
577,0.5,77,853.4601655936615,25
578,0.5,78,10.407354444879802,25
579,0.5,79,200.34593263582917,25
580,0.5,80,2.6432862357350086,25
581,0.5,81,4.305351675001406,25
582,0.5,82,1.7623700371053652,25
583,0.5,83,0.815418143297213,25
584,0.5,84,19.372618887062597,25
585,0.5,85,14.032773320547498,25
586,0.5,86,2718.736389887571,25
587,0.5,87,26.925647907346175,25
588,0.5,88,1.4461539358631874,25
589,0.5,89,10.753178952907003,25
590,0.5,90,440.92828708363385,25
591,0.5,91,4.52638764019657,25
592,0.5,92,1.4857452251760654,25
593,0.5,93,1.7623700371053652,25
594,0.5,94,0.8103249637527971,25
595,0.5,95,1.662054373323439,25
596,0.5,96,2.740735502155826,25
597,0.5,97,1.1964051288380073,25
598,0.5,98,164.36328065501854,25
599,0.5,99,0.7963956628535154,25
600,0.4,0,3.8050499555607638,20
601,0.4,1,3.720771597434586,20
602,0.4,2,139.1038744289346,20
603,0.4,3,1.3914334953312986,20
604,0.4,4,730.1512943036802,20
605,0.4,5,3.969778655149676,20
606,0.4,6,0.6259073892983262,20
607,0.4,7,5.13037399787694,20
608,0.4,8,0.6259073892983262,20
609,0.4,9,2.6706478008327847,20
610,0.4,10,0.6259073892983262,20
611,0.4,11,96.19524102003223,20
612,0.4,12,7.81588930499951,20
613,0.4,13,138.27698051904062,20
614,0.4,14,0.47993206522271714,20
615,0.4,15,2.707411915973127,20
616,0.4,16,1.5833753571131388,20
617,0.4,17,0.3845228370692014,20
618,0.4,18,1.3078616840998307,20
619,0.4,19,84.76528803165083,20
620,0.4,20,1.5833753571131388,20
621,0.4,21,2.247331475628379,20
622,0.4,22,0.6259073892983262,20
623,0.4,23,10.687251593356983,20
624,0.4,24,0.6029026281583826,20
625,0.4,25,1.1171637645387462,20
626,0.4,26,0.957531034260034,20
627,0.4,27,0.8423808514240504,20
628,0.4,28,20.32416415821305,20
629,0.4,29,2.384787477913529,20
630,0.4,30,69.9920030424889,20
631,0.4,31,1.5033423577171547,20
632,0.4,32,0.705991164541076,20
633,0.4,33,11.831233368922641,20
634,0.4,34,1.5833753571131388,20
635,0.4,35,3.1367400878657326,20
636,0.4,36,6.856216570216011,20
637,0.4,37,103.84075190846193,20
638,0.4,38,0.9207915148455346,20
639,0.4,39,1.7834777151291714,20
640,0.4,40,1.9067892652703649,20
641,0.4,41,1.1017187379430466,20
642,0.4,42,1.588587046825017,20
643,0.4,43,1.968417518767809,20
644,0.4,44,5.20491795524541,20
645,0.4,45,2.9913733890674274,20
646,0.4,46,1.008906101179395,20
647,0.4,47,16.713168893338345,20
648,0.4,48,10.663785164954175,20
649,0.4,49,1.03608595187504,20
650,0.4,50,0.6259073892983262,20
651,0.4,51,0.8007529081746532,20
652,0.4,52,1.8444552240712304,20
653,0.4,53,1.4052523171874907,20
654,0.4,54,0.9356218958002052,20
655,0.4,55,3.653548429648237,20
656,0.4,56,1.5833753571131388,20
657,0.4,57,4.825121048316958,20
658,0.4,58,1.6483759317930187,20
659,0.4,59,1.1516687002266957,20
660,0.4,60,1.1530612385586236,20
661,0.4,61,3.46423806542978,20
662,0.4,62,2.4458265481742294,20
663,0.4,63,2.829173162654756,20
664,0.4,64,4.721057747274302,20
665,0.4,65,0.6217438174558254,20
666,0.4,66,2.9835318255759957,20
667,0.4,67,5.4812357019858045,20
668,0.4,68,29.74910411198319,20
669,0.4,69,1.3476981395615133,20
670,0.4,70,0.6259073892983262,20
671,0.4,71,0.8238127565489343,20
672,0.4,72,0.4142358910032188,20
673,0.4,73,1.4833759303691427,20
674,0.4,74,1.6210768625899725,20
675,0.4,75,2.5464120639607697,20
676,0.4,76,0.9105259436985549,20
677,0.4,77,953.082806946128,20
678,0.4,78,11.143498474820623,20
679,0.4,79,236.09485011493365,20
680,0.4,80,2.7047437266099084,20
681,0.4,81,3.695659793252859,20
682,0.4,82,1.5833753571131388,20
683,0.4,83,0.6708147038084115,20
684,0.4,84,17.39298150412614,20
685,0.4,85,14.181624937883157,20
686,0.4,86,3038.556976495042,20
687,0.4,87,31.037613855718917,20
688,0.4,88,1.2701919742722756,20
689,0.4,89,4.654359213613741,20
690,0.4,90,508.8501835548378,20
691,0.4,91,3.329317506140131,20
692,0.4,92,1.3070829511129174,20
693,0.4,93,1.5833753571131388,20
694,0.4,94,0.6561731957796131,20
695,0.4,95,1.7754476665170102,20
696,0.4,96,3.0200518705531447,20
697,0.4,97,1.2623607757685942,20
698,0.4,98,158.75741107685405,20
699,0.4,99,0.6259073892983262,20
700,0.3,0,3.2756028453898876,15
701,0.3,1,4.088784960485094,15
702,0.3,2,64.18094733855455,15
703,0.3,3,1.5401106661586046,15
704,0.3,4,104.36448604297642,15
705,0.3,5,4.403964239708156,15
706,0.3,6,0.6811713084759653,15
707,0.3,7,4.74768831103266,15
708,0.3,8,0.6811713084759653,15
709,0.3,9,3.4378830847494704,15
710,0.3,10,0.6811713084759653,15
711,0.3,11,127.28139570155037,15
712,0.3,12,9.110681297895292,15
713,0.3,13,111.81643721589275,15
714,0.3,14,0.5120306233303703,15
715,0.3,15,3.3146435435250168,15
716,0.3,16,1.6411588816161502,15
717,0.3,17,0.37483896015873613,15
718,0.3,18,1.3876674055569842,15
719,0.3,19,109.72615727306724,15
720,0.3,20,1.6411588816161502,15
721,0.3,21,2.548587435756294,15
722,0.3,22,0.6811713084759653,15
723,0.3,23,5.175862689762611,15
724,0.3,24,0.6559033553385177,15
725,0.3,25,1.169767811220254,15
726,0.3,26,0.9813407200118246,15
727,0.3,27,0.879854418489872,15
728,0.3,28,25.98438554802083,15
729,0.3,29,2.4015252161398544,15
730,0.3,30,80.95636097362488,15
731,0.3,31,1.3817863289562242,15
732,0.3,32,0.7510838948872735,15
733,0.3,33,12.57397001673816,15
734,0.3,34,1.6411588816161502,15
735,0.3,35,2.5014679801089708,15
736,0.3,36,6.855714651693147,15
737,0.3,37,29.71677700509513,15
738,0.3,38,0.9758563831957162,15
739,0.3,39,1.9232413222642577,15
740,0.3,40,2.2202418655692995,15
741,0.3,41,1.1661469508625049,15
742,0.3,42,1.6463705713280286,15
743,0.3,43,2.0273369100349186,15
744,0.3,44,4.563602423746744,15
745,0.3,45,2.910572539128201,15
746,0.3,46,1.1166109711194612,15
747,0.3,47,19.37040196168283,15
748,0.3,48,12.792414393747006,15
749,0.3,49,1.0597439465725484,15
750,0.3,50,0.6811713084759653,15
751,0.3,51,0.8701224103124044,15
752,0.3,52,2.0742088434885413,15
753,0.3,53,1.4630358416905023,15
754,0.3,54,0.9145207929854468,15
755,0.3,55,3.646890361187802,15
756,0.3,56,1.6411588816161502,15
757,0.3,57,4.587164949387654,15
758,0.3,58,2.0148560787409697,15
759,0.3,59,0.8403475292459814,15
760,0.3,60,1.3660167066914117,15
761,0.3,61,3.5591287476393068,15
762,0.3,62,2.4790438121748037,15
763,0.3,63,2.7120469421107107,15
764,0.3,64,5.412675845710528,15
765,0.3,65,0.6455056966390417,15
766,0.3,66,2.442829005406756,15
767,0.3,67,6.459954232376334,15
768,0.3,68,28.407280646713577,15
769,0.3,69,1.4141706956560016,15
770,0.3,70,0.6811713084759653,15
771,0.3,71,0.6544832361989082,15
772,0.3,72,0.4241783060183696,15
773,0.3,73,1.5761809755159357,15
774,0.3,74,1.741254676761913,15
775,0.3,75,2.5825021252322475,15
776,0.3,76,0.9758828468144183,15
777,0.3,77,1072.116959966282,15
778,0.3,78,12.44578878528257,15
779,0.3,79,243.2829951609114,15
780,0.3,80,2.6633694869878286,15
781,0.3,81,4.420380659932587,15
782,0.3,82,1.6411588816161502,15
783,0.3,83,0.7260103490768718,15
784,0.3,84,18.0642914684422,15
785,0.3,85,15.323895811639863,15
786,0.3,86,3887.87143045529,15
787,0.3,87,31.069685072183994,15
788,0.3,88,1.2944448077730402,15
789,0.3,89,4.4408335748116325,15
790,0.3,90,455.24213254366106,15
791,0.3,91,3.1724824616754344,15
792,0.3,92,1.376251006952434,15
793,0.3,93,1.6411588816161502,15
794,0.3,94,0.7096762497896537,15
795,0.3,95,2.1427531374197297,15
796,0.3,96,3.8091693745133615,15
797,0.3,97,1.2083614058168852,15
798,0.3,98,166.16656633838855,15
799,0.3,99,0.6811713084759653,15
800,0.2,0,2.595474958917722,10
801,0.2,1,3.130357422974608,10
802,0.2,2,76.09024454571825,10
803,0.2,3,1.5854561535121172,10
804,0.2,4,90.39367807882255,10
805,0.2,5,4.9430035435489135,10
806,0.2,6,0.7506835680143844,10
807,0.2,7,5.005845417075598,10
808,0.2,8,0.7506835680143844,10
809,0.2,9,0.907148241291227,10
810,0.2,10,0.7506835680143844,10
811,0.2,11,33.1153156651957,10
812,0.2,12,11.965544364743897,10
813,0.2,13,29.313478144143524,10
814,0.2,14,0.5737772681264935,10
815,0.2,15,2.0868479334232335,10
816,0.2,16,1.721992090193293,10
817,0.2,17,0.30980667298809916,10
818,0.2,18,1.1282808651557232,10
819,0.2,19,162.27400664160677,10
820,0.2,20,1.721992090193293,10
821,0.2,21,2.580053322028834,10
822,0.2,22,0.7506835680143844,10
823,0.2,23,5.044095167035633,10
824,0.2,24,0.7114523161928352,10
825,0.2,25,1.192916890754865,10
826,0.2,26,1.0784322278972287,10
827,0.2,27,0.9604882734252362,10
828,0.2,28,5.155004429615479,10
829,0.2,29,1.823186360850618,10
830,0.2,30,84.31474306997231,10
831,0.2,31,1.403200540295172,10
832,0.2,32,0.7677407364357539,10
833,0.2,33,3.4818258476434374,10
834,0.2,34,1.721992090193293,10
835,0.2,35,3.3798265798996026,10
836,0.2,36,7.589201533184317,10
837,0.2,37,12.399168650203363,10
838,0.2,38,1.0926728703410897,10
839,0.2,39,2.519778049956656,10
840,0.2,40,1.844444067860919,10
841,0.2,41,1.2724026654860316,10
842,0.2,42,1.7272037799051716,10
843,0.2,43,2.431218036215461,10
844,0.2,44,4.035449275897032,10
845,0.2,45,2.4545607535050444,10
846,0.2,46,1.2508050520700267,10
847,0.2,47,19.750709108475103,10
848,0.2,48,13.915232096401747,10
849,0.2,49,1.1357675689094686,10
850,0.2,50,0.7506835680143844,10
851,0.2,51,0.9452846446453309,10
852,0.2,52,1.9240719043808103,10
853,0.2,53,1.543869050267645,10
854,0.2,54,0.806304478981424,10
855,0.2,55,4.722420420834294,10
856,0.2,56,1.721992090193293,10
857,0.2,57,4.102519502467301,10
858,0.2,58,2.647657150452045,10
859,0.2,59,0.7609652653823672,10
860,0.2,60,1.8810835089669429,10
861,0.2,61,3.6023740438764316,10
862,0.2,62,1.9989403127606828,10
863,0.2,63,2.279492992489703,10
864,0.2,64,6.596914347512412,10
865,0.2,65,0.6708810195083131,10
866,0.2,66,2.601703929247833,10
867,0.2,67,5.8041638914134195,10
868,0.2,68,24.074317084235144,10
869,0.2,69,1.5326029871356872,10
870,0.2,70,0.7506835680143844,10
871,0.2,71,0.44379718948993896,10
872,0.2,72,0.44742224526859964,10
873,0.2,73,1.7880651921744775,10
874,0.2,74,1.8438759864087122,10
875,0.2,75,3.020652343888238,10
876,0.2,76,1.0078863751144993,10
877,0.2,77,1141.4063353268077,10
878,0.2,78,16.585801994920725,10
879,0.2,79,347.95654971532537,10
880,0.2,80,2.925042143586115,10
881,0.2,81,4.958046430709325,10
882,0.2,82,1.721992090193293,10
883,0.2,83,0.7937478062463353,10
884,0.2,84,19.375914977413935,10
885,0.2,85,14.700267639499675,10
886,0.2,86,5722.110394304624,10
887,0.2,87,32.029024460296924,10
888,0.2,88,1.2523993135505023,10
889,0.2,89,2.74516917443007,10
890,0.2,90,36.34452758664659,10
891,0.2,91,3.7619115088727257,10
892,0.2,92,1.3659113629475557,10
893,0.2,93,1.721992090193293,10
894,0.2,94,0.7411910331148762,10
895,0.2,95,2.1757773571319117,10
896,0.2,96,4.3468214816533095,10
897,0.2,97,1.056766907543416,10
898,0.2,98,183.74150644488796,10
899,0.2,99,0.7506835680143844,10
900,0.1,0,1.4060518371750725,5
901,0.1,1,4.260114749815459,5
902,0.1,2,91.81981262832113,5
903,0.1,3,1.9328783569739554,5
904,0.1,4,168.88475011495387,5
905,0.1,5,5.679381340119612,5
906,0.1,6,0.7267498059456272,5
907,0.1,7,4.980932447235619,5
908,0.1,8,0.7267498059456272,5
909,0.1,9,1.0204225521635881,5
910,0.1,10,0.7267498059456272,5
911,0.1,11,59.888589467942516,5
912,0.1,12,2.138094026315448,5
913,0.1,13,13.315597496888904,5
914,0.1,14,0.4761288057179319,5
915,0.1,15,2.6502875534073396,5
916,0.1,16,1.7267498059456272,5
917,0.1,17,0.08887604145780321,5
918,0.1,18,1.2982209002287475,5
919,0.1,19,4.182560074315488,5
920,0.1,20,1.7267498059456272,5
921,0.1,21,2.9130679980964596,5
922,0.1,22,0.7267498059456272,5
923,0.1,23,4.50985744235142,5
924,0.1,24,0.6916180945855439,5
925,0.1,25,1.1078935223044926,5
926,0.1,26,1.0870629107272713,5
927,0.1,27,0.7653239301228131,5
928,0.1,28,1.653211790782833,5
929,0.1,29,1.2666072910511752,5
930,0.1,30,32.40897197463259,5
931,0.1,31,1.063138178104825,5
932,0.1,32,0.7284536370552006,5
933,0.1,33,3.1745039107378927,5
934,0.1,34,1.7267498059456272,5
935,0.1,35,0.6013145605515862,5
936,0.1,36,6.831854629842328,5
937,0.1,37,23.65982539829919,5
938,0.1,38,1.0947889489739926,5
939,0.1,39,0.5135837614223508,5
940,0.1,40,2.597119123670174,5
941,0.1,41,1.2890177662941045,5
942,0.1,42,1.7319614956575058,5
943,0.1,43,1.4216022814589417,5
944,0.1,44,2.676986032603609,5
945,0.1,45,1.7264937457613279,5
946,0.1,46,0.7207196155250982,5
947,0.1,47,5.787811981044624,5
948,0.1,48,10.079792795029316,5
949,0.1,49,1.189814939203797,5
950,0.1,50,0.7267498059456272,5
951,0.1,51,0.9531886489992674,5
952,0.1,52,2.058301382964784,5
953,0.1,53,1.548626766019979,5
954,0.1,54,0.9824316567123343,5
955,0.1,55,1.0622540814499546,5
956,0.1,56,1.7267498059456272,5
957,0.1,57,4.650248463285829,5
958,0.1,58,0.8142689549480053,5
959,0.1,59,0.5566358733361332,5
960,0.1,60,2.7414944284842226,5
961,0.1,61,4.18369649326687,5
962,0.1,62,1.3253592885856318,5
963,0.1,63,1.2785771293102008,5
964,0.1,64,6.946779848423944,5
965,0.1,65,0.6873742277177393,5
966,0.1,66,3.4267594501517684,5
967,0.1,67,7.297066515342911,5
968,0.1,68,38.48960055220304,5
969,0.1,69,1.2704729515192625,5
970,0.1,70,0.7267498059456272,5
971,0.1,71,0.4721252022908109,5
972,0.1,72,0.34752493869049084,5
973,0.1,73,1.7331596596238725,5
974,0.1,74,1.4745012966732856,5
975,0.1,75,2.757038144808137,5
976,0.1,76,1.000029756967227,5
977,0.1,77,70.62410152332453,5
978,0.1,78,11.668669381380742,5
979,0.1,79,503.7867334855058,5
980,0.1,80,1.5727661884178161,5
981,0.1,81,3.3352507824275968,5
982,0.1,82,1.7267498059456272,5
983,0.1,83,0.7953305221734529,5
984,0.1,84,23.085754854022603,5
985,0.1,85,21.64762653613256,5
986,0.1,86,1961.760783875416,5
987,0.1,87,42.27558067463743,5
988,0.1,88,1.1076968602354493,5
989,0.1,89,0.5962387029786701,5
990,0.1,90,29.671660458128166,5
991,0.1,91,4.02811267248611,5
992,0.1,92,1.4362205243167794,5
993,0.1,93,1.7267498059456272,5
994,0.1,94,0.6887069502524003,5
995,0.1,95,2.376974109484159,5
996,0.1,96,3.864179171650414,5
997,0.1,97,0.859656052253694,5
998,0.1,98,135.02010851811218,5
999,0.1,99,0.7267498059456272,5
