,heuristic_param,seed,n_gen,reward,accuracy,variance,n_steps_proc,n_steps_acc,n_steps
0,0.8,2,1,13.95971376435161,0.15625,284.1032368676778,3120,20870,23990
1,0.8,2,2,19.028697477282964,0.15625,221.58179989515605,6240,20870,27110
2,0.8,2,3,-21.37842109706535,0.15625,330.55652021374954,9360,20870,30230
3,0.8,2,4,25.11176809255233,0.15625,291.3258944709304,12480,20870,33350
4,0.8,2,5,14.931315052679532,0.15625,229.03941418449935,15600,20870,36470
5,0.8,2,6,-16.529073748864757,0.15625,205.90122939157087,18720,20870,39590
6,0.8,2,7,9.029065283029988,0.15625,212.09571296966777,21840,20870,42710
7,0.8,2,8,32.748866944298356,0.15625,229.8924599577768,24960,20870,45830
8,0.8,2,9,-19.19667945671261,0.15625,240.47451963610047,28080,20870,48950
9,0.8,2,10,-42.83369658357264,0.15625,269.0785141931401,31200,20870,52070
10,0.8,2,11,13.309740612274249,0.15625,292.404886134043,34320,20870,55190
11,0.8,2,12,-18.992031623012565,0.15625,116.81363057568942,37440,20870,58310
12,0.8,2,13,34.267265680947446,0.15625,171.4748927207977,40560,20870,61430
13,0.8,2,14,-9.52767758455804,0.15625,140.61965367610546,43680,20870,64550
14,0.8,2,15,14.931315052679532,0.15625,186.01182765191416,46800,20870,67670
15,0.8,2,16,-8.471637904542774,0.15625,235.89286915102122,49920,20870,70790
16,0.8,2,17,19.872742384857602,0.15625,255.43794077664884,53040,20870,73910
17,0.8,2,18,15.433232669648447,0.15625,302.71417184592724,56160,20870,77030
18,0.8,2,19,-1.29060079212974,0.15625,235.84527076044623,59280,20870,80150
19,0.8,2,20,-34.22787925615422,0.15625,195.92196268096342,62400,20870,83270
20,0.8,2,21,19.835142700547767,0.15625,289.6408940237276,65520,20870,86390
21,0.8,2,22,12.696942390400357,0.71875,367.506333533497,79880,50740,130620
22,0.8,2,23,17.975460961775624,0.71875,634.6116095927449,94240,50740,144980
23,0.8,2,24,16.125275066301025,0.71875,304.67380066611054,108600,50740,159340
24,0.8,2,25,26.350878950917387,0.71875,269.7255846648575,122960,50740,173700
25,0.8,2,26,34.04370470784065,0.71875,196.01528603728065,137320,50740,188060
26,0.8,2,27,22.98766726299107,0.71875,374.5692599457549,151680,50740,202420
27,0.8,2,28,1.5304480364960824,0.15625,381.92813138097347,154800,71610,226410
28,0.8,2,29,10.896626930230179,0.15625,149.87844125363742,157920,71610,229530
29,0.8,2,30,34.07155892173945,0.15625,256.89915029522575,161040,71610,232650
30,0.8,2,31,33.699440199076186,0.15625,350.4810151393509,164160,71610,235770
31,0.8,2,32,33.04111011373003,0.15625,7.95480753814699,167280,71610,238890
32,0.8,2,33,36.20701936689712,0.15625,127.47001567508138,170400,71610,242010
33,0.8,2,34,26.517220450242053,0.15625,5.559553830957333,173520,71610,245130
34,0.8,2,35,-14.641928860447445,0.15625,266.32347842516975,176640,71610,248250
35,0.8,2,36,-0.30938714830998737,0.15625,94.90503259599294,179760,71610,251370
36,0.8,2,37,23.06408142191517,0.15625,210.5791721231591,182880,71610,254490
37,0.8,2,38,36.64090804324901,0.15625,261.65094442686166,186000,71610,257610
38,0.8,2,39,-22.25172908912337,0.15625,271.8467104694716,189120,71610,260730
39,0.8,2,40,27.26459309823009,0.15625,71.91345221858754,192240,71610,263850
40,0.8,2,41,33.83696974551647,0.15625,129.36110431742185,195360,71610,266970
41,0.8,2,42,22.733413240904884,0.15625,190.9558307125786,198480,71610,270090
42,0.8,2,43,8.781857587170197,0.15625,47.80350644431975,201600,71610,273210
43,0.8,2,44,26.508776312376767,0.15625,28.691199198711434,204720,71610,276330
44,0.8,2,45,29.854318452272036,0.15625,87.30339166734441,207840,71610,279450
45,0.8,2,46,32.6902461843368,0.15625,90.32891767008906,210960,71610,282570
46,0.8,2,47,27.470911163231182,0.15625,286.93476475016485,214080,71610,285690
47,0.8,2,48,14.931315052679532,0.15625,187.731483870995,217200,71610,288810
48,0.8,2,49,21.167090567675018,0.15625,184.38800277474922,220320,92480,312800
49,0.8,2,50,24.050208995072136,0.15625,50.54942915774988,223440,92480,315920
50,0.8,2,51,32.13740246048174,0.15625,96.11530729317334,226560,92480,319040
51,0.8,2,52,22.50746561158075,0.15625,57.995739961345485,229680,92480,322160
52,0.8,2,53,28.84118209574919,0.15625,118.52106689122843,232800,92480,325280
53,0.8,2,54,35.63935505026194,0.15625,96.51205003321743,235920,92480,328400
54,0.8,2,55,16.198832761170003,0.15625,97.35654905229396,239040,92480,331520
55,0.8,2,56,34.94645925184457,0.15625,41.23788145498919,242160,92480,334640
56,0.8,2,57,3.553684332942828,0.15625,62.7505962345322,245280,92480,337760
57,0.8,2,58,29.783094792782816,0.15625,145.1215559885879,248400,92480,340880
58,0.8,2,59,31.49288757635984,0.15625,100.19380003804662,251520,92480,344000
59,0.8,2,60,38.32264847468954,0.15625,117.22645056403772,254640,92480,347120
60,0.8,2,61,38.02930370214885,0.15625,26.964884430449537,257760,92480,350240
61,0.8,2,62,25.43581457981998,0.15625,29.258027649242063,260880,92480,353360
62,0.8,2,63,37.72987944165128,0.15625,54.0597144799652,264000,92480,356480
63,0.8,2,64,18.663378403254846,0.15625,30.612801932437122,267120,92480,359600
64,0.8,2,65,33.1163844104084,0.15625,63.0015555869928,270240,92480,362720
65,0.8,2,66,41.04724754703636,0.15625,100.40240573204001,273360,92480,365840
66,0.8,2,67,32.8311850863458,0.15625,74.6017456520834,276480,92480,368960
67,0.8,2,68,31.853493857015593,0.15625,64.56746205424754,279600,92480,372080
68,0.8,2,69,6.737752367808854,0.15625,96.71873853696798,282720,92480,375200
69,0.8,2,70,26.26123942461221,0.15625,25.33724749420545,285840,113350,399190
70,0.8,2,71,22.578529266650754,0.15625,23.02933557255336,288960,113350,402310
71,0.8,2,72,-23.91904940377559,0.15625,122.88566583432127,292080,113350,405430
72,0.8,2,73,42.59143036089882,0.15625,85.09271982429227,295200,113350,408550
73,0.8,2,74,31.58498349892231,0.15625,24.0814130678423,298320,113350,411670
74,0.8,2,75,-18.166125825914683,0.15625,398.17108706735996,301440,113350,414790
75,0.8,2,76,27.30762309939228,0.15625,259.24246944282646,304560,113350,417910
76,0.8,2,77,31.67740576590275,0.15625,107.78612930873291,307680,113350,421030
77,0.8,2,78,31.263468385483282,0.15625,268.60946010251786,310800,113350,424150
78,0.8,2,79,32.844600294057535,0.15625,230.85321830052027,313920,113350,427270
79,0.8,2,80,34.18908574823628,0.15625,109.82899040765997,317040,113350,430390
80,0.8,2,81,38.13235237164912,0.15625,122.89491838053323,320160,113350,433510
81,0.8,2,82,-23.96803849251935,0.15625,182.05581665564358,323280,113350,436630
82,0.8,2,83,0.4001087901710513,0.15625,118.6172126385907,326400,113350,439750
83,0.8,2,84,37.81999922497261,0.15625,210.69841552612866,329520,113350,442870
84,0.8,2,85,22.259399566405307,0.15625,102.85142405083063,332640,113350,445990
85,0.8,2,86,32.63335391389401,0.15625,193.41937064964836,335760,113350,449110
86,0.8,2,87,20.681660186696202,0.15625,114.74461383982768,338880,113350,452230
87,0.8,2,88,28.636823295813695,0.15625,103.87537054059332,342000,113350,455350
88,0.8,2,89,36.86927459842714,0.15625,86.63592119704985,345120,113350,458470
89,0.8,2,90,35.95335494192239,0.15625,73.02485190469682,348240,113350,461590
90,0.8,2,91,26.045620973666235,0.15625,75.1308556193457,351360,134220,485580
91,0.8,2,92,20.917533124320563,0.15625,83.16891171923625,354480,134220,488700
92,0.8,2,93,29.312281474934878,0.15625,79.03340867067872,357600,134220,491820
93,0.8,2,94,39.3557031951505,0.15625,50.559268252661234,360720,134220,494940
94,0.8,2,95,36.86622611204539,0.15625,7.150312508166259,363840,134220,498060
95,0.8,2,96,38.56417835906558,0.15625,33.90923799353014,366960,134220,501180
96,0.8,2,97,38.175444915694285,0.15625,46.62265409463694,370080,134220,504300
97,0.8,2,98,37.98841984749034,0.15625,56.023660949573355,373200,134220,507420
98,0.8,2,99,20.9647595780716,0.15625,44.04674352046798,376320,134220,510540
99,0.8,2,100,30.084647393228106,0.15625,8.99350346981922,379440,134220,513660
100,0.8,2,101,32.8412178191108,0.15625,54.25500247495368,382560,134220,516780
101,0.8,2,102,25.57454164393105,0.15625,33.00987266609403,385680,134220,519900
102,0.8,2,103,35.31024487163957,0.15625,77.80692551675568,388800,134220,523020
103,0.8,2,104,21.990603325296373,0.15625,61.34060508309733,391920,134220,526140
104,0.8,2,105,25.067117760285416,0.15625,26.98299879917446,395040,134220,529260
105,0.8,2,106,38.112197877307224,0.15625,5.672621762707229,398160,134220,532380
106,0.8,2,107,36.553290403729974,0.15625,2.935471658148775,401280,134220,535500
107,0.8,2,108,27.78320548652771,0.15625,4.3713886364326235,404400,134220,538620
108,0.8,2,109,38.3807354091255,0.15625,7.49119064402205,407520,134220,541740
109,0.8,2,110,38.78218502873053,0.15625,28.832141680122913,410640,134220,544860
110,0.8,2,111,22.87349113044582,0.15625,10.18318425638056,413760,134220,547980
111,0.8,2,112,29.726707413208963,0.15625,6.088635776250378,416880,155090,571970
112,0.8,2,113,36.80562061652463,0.15625,6.806617816599783,420000,155090,575090
113,0.8,2,114,28.86680093789052,0.15625,10.971629042048345,423120,155090,578210
114,0.8,2,115,35.37261856359794,0.15625,50.281544490675,426240,155090,581330
115,0.8,2,116,33.89735542471938,0.15625,13.692990841152294,429360,155090,584450
116,0.8,2,117,36.803564574375876,0.15625,9.870768652162907,432480,155090,587570
117,0.8,2,118,31.50545576891229,0.15625,0.9734410618908219,435600,155090,590690
118,0.8,2,119,36.61410666577718,0.15625,10.611003259257874,438720,155090,593810
119,0.8,2,120,36.85404652276659,0.15625,1.8449422021929482,441840,155090,596930
120,0.8,2,121,34.910544843726356,0.15625,5.453247372378742,444960,155090,600050
121,0.8,2,122,38.37619381156084,0.15625,5.484482852191426,448080,155090,603170
122,0.8,2,123,37.417079734534596,0.15625,9.606183805706518,451200,155090,606290
123,0.8,2,124,30.912386661203406,0.15625,10.620796168788832,454320,155090,609410
124,0.8,2,125,34.714858573577416,0.15625,5.178155422395752,457440,155090,612530
125,0.8,2,126,36.90689227113903,0.15625,16.403379644149073,460560,155090,615650
126,0.8,2,127,31.995929596034216,0.15625,69.95617672853194,463680,155090,618770
127,0.8,2,128,29.22942897375742,0.15625,13.934655680194897,466800,155090,621890
128,0.8,2,129,38.133895729669725,0.15625,15.658210479921578,469920,155090,625010
129,0.8,2,130,39.05803938938251,0.15625,12.278906230637983,473040,155090,628130
130,0.8,2,131,36.72445100425112,0.15625,2.8574557178169986,476160,155090,631250
131,0.8,2,132,29.743843699651155,0.15625,1.9613157054427723,479280,155090,634370
132,0.8,2,133,39.57387242524664,0.26875,7.564557134892135,484640,175960,660600
133,0.8,2,134,39.33545476568795,0.26875,14.543695351307099,490000,175960,665960
134,0.8,2,135,38.68399546773551,0.26875,8.315284509896868,495360,175960,671320
135,0.8,2,136,32.50080088410966,0.26875,18.30588330465286,500720,175960,676680
136,0.8,2,137,38.431250737174466,0.26875,15.656296530109302,506080,175960,682040
137,0.8,2,138,36.39504000988983,0.26875,24.66650207615566,511440,175960,687400
138,0.8,2,139,39.02178802216304,0.26875,40.52236572935386,516800,175960,692760
139,0.8,2,140,33.18452991886562,0.26875,6.112173905832661,522160,175960,698120
140,0.8,2,141,27.350373376751087,0.26875,3.3333027312180548,527520,175960,703480
141,0.8,2,142,38.06086430780638,0.26875,6.6470832472935,532880,175960,708840
142,0.8,2,143,37.366939629642346,0.26875,4.54921154771351,538240,175960,714200
143,0.8,2,144,37.19803670071309,0.26875,35.395872470475496,543600,175960,719560
144,0.8,2,145,36.9509037747139,0.26875,83.27055809980286,548960,175960,724920
145,0.8,2,146,38.390252835118005,0.15625,61.53923839700658,552080,196830,748910
146,0.8,2,147,34.64049864695984,0.15625,6.77647080929016,555200,196830,752030
147,0.8,2,148,39.20482842519054,0.15625,2.2461289845196286,558320,196830,755150
148,0.8,2,149,30.511498148880456,0.15625,2.243765659877342,561440,196830,758270
149,0.8,2,150,34.576607794500674,0.15625,4.7139952038293895,564560,196830,761390
150,0.8,2,151,36.88513436855647,0.15625,9.241335784137174,567680,196830,764510
151,0.8,2,152,36.04276079572396,0.15625,9.938704158233843,570800,196830,767630
152,0.8,2,153,31.90100680317554,0.15625,6.349966458520071,573920,196830,770750
153,0.8,2,154,39.30730031840274,0.15625,9.655270939335349,577040,196830,773870
154,0.8,2,155,37.945893464397265,0.15625,4.24626725816475,580160,196830,776990
155,0.8,2,156,31.41883362980783,0.15625,11.707677484983865,583280,196830,780110
156,0.8,2,157,36.235819502722954,0.15625,8.773937246165424,586400,196830,783230
157,0.8,2,158,37.4881054445917,0.15625,0.7882230760563693,589520,196830,786350
158,0.8,2,159,4.546763535130737,0.15625,41.61951654991158,592640,196830,789470
159,0.8,2,160,32.5695665385377,0.15625,2.9557820105143717,595760,196830,792590
160,0.8,2,161,41.047139848359926,0.15625,31.28916245950424,598880,196830,795710
161,0.8,2,162,37.979509723274745,0.15625,19.64815550173308,602000,196830,798830
162,0.8,2,163,40.78034636563092,0.15625,2.277004741513115,605120,196830,801950
163,0.8,2,164,34.976009351887825,0.15625,8.898862626507299,608240,196830,805070
164,0.8,2,165,37.47159951900358,0.15625,4.736152135691065,611360,196830,808190
165,0.8,2,166,34.80270084603246,0.15625,4.828903758686836,614480,196830,811310
166,0.8,2,167,38.300822033564856,0.15625,6.219193049456693,617600,217700,835300
167,0.8,2,168,38.025792044004945,0.15625,5.835866506683999,620720,217700,838420
168,0.8,2,169,33.61040097315865,0.15625,1.6136887521094743,623840,217700,841540
169,0.8,2,170,39.822408034135876,0.15625,3.1511893721526634,626960,217700,844660
170,0.8,2,171,36.14584279915807,0.15625,1.5367024734042842,630080,217700,847780
171,0.8,2,172,37.431735354201216,0.15625,2.438260922212335,633200,217700,850900
172,0.8,2,173,35.16026609659257,0.15625,3.1171468795680553,636320,217700,854020
173,0.8,2,174,34.27117210124477,0.15625,2.149562431782489,639440,217700,857140
174,0.8,2,175,38.97981615215285,0.15625,17.00071236992377,642560,217700,860260
175,0.8,2,176,39.164118401713665,0.15625,16.117401739068832,645680,217700,863380
176,0.8,2,177,32.06833264887963,0.15625,4.226118366980454,648800,217700,866500
177,0.8,2,178,35.732242718133726,0.15625,26.029118278038517,651920,217700,869620
178,0.8,2,179,23.669240599897144,0.15625,16.68250528154828,655040,217700,872740
179,0.8,2,180,38.37624567027113,0.15625,8.249592269382026,658160,217700,875860
180,0.8,2,181,38.19228485317956,0.15625,1.832143584478765,661280,217700,878980
181,0.8,2,182,36.54417385060244,0.15625,19.5913808669817,664400,217700,882100
182,0.8,2,183,25.895628711781786,0.15625,9.085220230392059,667520,217700,885220
183,0.8,2,184,29.306204729564776,0.15625,2.3770549764949154,670640,217700,888340
184,0.8,2,185,36.535886137508854,0.15625,4.501693115844256,673760,217700,891460
185,0.8,2,186,37.56210549543947,0.15625,23.038814938503947,676880,217700,894580
186,0.8,2,187,39.08423641318067,0.15625,16.23497272128703,680000,217700,897700
187,0.8,2,188,36.66315052774802,0.26875,40.979948522982696,685360,238570,923930
188,0.8,2,189,31.61386330696731,0.26875,2.522721198010108,690720,238570,929290
189,0.8,2,190,36.34663024660255,0.26875,33.62560255539674,696080,238570,934650
190,0.8,2,191,36.0932353488245,0.26875,61.425799555105165,701440,238570,940010
191,0.8,2,192,33.46682532272919,0.26875,3.4316757524921875,706800,238570,945370
192,0.8,2,193,37.537148174768106,0.26875,1.8299509727063317,712160,238570,950730
193,0.8,2,194,36.81279455950933,0.26875,3.1988797125066073,717520,238570,956090
194,0.8,2,195,35.8127259623108,0.26875,10.648172644758292,722880,238570,961450
195,0.8,2,196,38.50429984111366,0.26875,179.01823486367445,728240,238570,966810
196,0.8,2,197,29.353477943076456,0.26875,4.559962219273646,733600,238570,972170
197,0.8,2,198,16.320916871248023,0.26875,92.82482322422456,738960,238570,977530
198,0.8,2,199,27.71124536567242,0.26875,5.317359680049012,744320,238570,982890
199,0.8,2,200,26.858325287412562,0.26875,94.05926752558273,749680,238570,988250
200,0.8,2,201,38.59705424210661,0.15625,57.203247880316766,752800,259440,1012240
201,0.8,3,1,1.17368030567812,0.15625,266.4725616148272,3120,20870,23990
202,0.8,3,2,55.620779253898675,0.15625,209.89010041469336,6240,20870,27110
203,0.8,3,3,-23.97210283980186,0.15625,205.63242747642326,9360,20870,30230
204,0.8,3,4,-23.735777197009767,0.15625,170.7437915591966,12480,20870,33350
205,0.8,3,5,20.41787793201007,0.15625,235.55799516315807,15600,20870,36470
206,0.8,3,6,-17.521883644359544,0.15625,214.68883534465377,18720,20870,39590
207,0.8,3,7,-19.944706704421673,0.15625,284.0777943928488,21840,20870,42710
208,0.8,3,8,25.478134104907287,0.15625,218.90685006286412,24960,20870,45830
209,0.8,3,9,29.8941826238897,0.15625,286.6851585550417,28080,20870,48950
210,0.8,3,10,11.774491453284472,0.15625,170.81488924604142,31200,20870,52070
211,0.8,3,11,-23.708327084178126,0.15625,265.07657457407674,34320,20870,55190
212,0.8,3,12,19.072165026695107,0.15625,261.02818689623666,37440,20870,58310
213,0.8,3,13,25.334562109530093,0.15625,146.97707661216927,40560,20870,61430
214,0.8,3,14,-19.944529886692493,0.15625,188.31453485180435,43680,20870,64550
215,0.8,3,15,-11.729220240316995,0.15625,106.3760421961867,46800,20870,67670
216,0.8,3,16,9.614228948181701,0.15625,71.67338171472537,49920,20870,70790
217,0.8,3,17,12.528185859967659,0.15625,38.24625502106242,53040,20870,73910
218,0.8,3,18,35.48792811164639,0.15625,224.15191797448023,56160,20870,77030
219,0.8,3,19,11.672308963435501,0.15625,206.63850146486953,59280,20870,80150
220,0.8,3,20,0.8394808528136123,0.15625,312.3200164479037,62400,20870,83270
221,0.8,3,21,34.218152168150006,0.15625,320.76139956889665,65520,20870,86390
222,0.8,3,22,26.229022337826905,0.26875,126.34164711429632,70880,41740,112620
223,0.8,3,23,21.23707993116691,0.26875,96.4398912015556,76240,41740,117980
224,0.8,3,24,34.443120020048646,0.26875,98.806472344569,81600,41740,123340
225,0.8,3,25,25.966757483699325,0.26875,161.93447100423242,86960,41740,128700
226,0.8,3,26,33.61850292282223,0.26875,205.21026714371305,92320,41740,134060
227,0.8,3,27,28.774321880901585,0.26875,53.360329468153324,97680,41740,139420
228,0.8,3,28,25.935458687532986,0.26875,47.926590616123505,103040,41740,144780
229,0.8,3,29,12.220228506840254,0.26875,121.8734257408488,108400,41740,150140
230,0.8,3,30,1.6103451532464004,0.26875,104.28881854179983,113760,41740,155500
231,0.8,3,31,37.435092071619394,0.26875,155.01042683227175,119120,41740,160860
232,0.8,3,32,33.99816390247732,0.26875,94.02206634758939,124480,41740,166220
233,0.8,3,33,27.7032954766645,0.26875,81.80917976114128,129840,41740,171580
234,0.8,3,34,25.485292544681272,0.26875,74.40182376133055,135200,41740,176940
235,0.8,3,35,28.18321255378165,0.15625,59.1469678591396,138320,62610,200930
236,0.8,3,36,31.004078877775544,0.15625,100.44743168726744,141440,62610,204050
237,0.8,3,37,32.65441573968535,0.15625,88.65531735524686,144560,62610,207170
238,0.8,3,38,39.07081850712204,0.15625,107.79328835532719,147680,62610,210290
239,0.8,3,39,23.645133327936307,0.15625,112.92466764539634,150800,62610,213410
240,0.8,3,40,30.77107267516874,0.15625,46.42955525638363,153920,62610,216530
241,0.8,3,41,35.03454083062424,0.15625,81.18515769511717,157040,62610,219650
242,0.8,3,42,39.856435960032094,0.15625,47.55710030182665,160160,62610,222770
243,0.8,3,43,36.956877889244296,0.15625,61.32405268865148,163280,62610,225890
244,0.8,3,44,26.36483682330401,0.15625,24.11509950384276,166400,62610,229010
245,0.8,3,45,17.952246627560363,0.15625,93.6646400702949,169520,62610,232130
246,0.8,3,46,34.79645680992239,0.15625,47.49870609496495,172640,62610,235250
247,0.8,3,47,31.38642480952841,0.15625,31.214729892984757,175760,62610,238370
248,0.8,3,48,25.007949904903757,0.15625,15.476705609545572,178880,62610,241490
249,0.8,3,49,12.271792128457282,0.15625,84.98826269104437,182000,62610,244610
250,0.8,3,50,-10.174564015515383,0.15625,97.66371159061183,185120,62610,247730
251,0.8,3,51,27.590427527738647,0.15625,221.67910555168532,188240,62610,250850
252,0.8,3,52,37.54769110050783,0.15625,51.509538763407434,191360,62610,253970
253,0.8,3,53,9.80446582909734,0.15625,102.71024299597846,194480,62610,257090
254,0.8,3,54,-8.366196355507109,0.15625,85.69064187763846,197600,62610,260210
255,0.8,3,55,31.9368024486159,0.15625,24.314393453670476,200720,62610,263330
256,0.8,3,56,20.769911434451746,0.15625,200.9948536271714,203840,83480,287320
257,0.8,3,57,27.7032954766645,0.15625,66.17240416484364,206960,83480,290440
258,0.8,3,58,-13.489556107960496,0.15625,99.44461735964822,210080,83480,293560
259,0.8,3,59,29.21464967667656,0.15625,100.10709126011788,213200,83480,296680
260,0.8,3,60,36.794695549516575,0.15625,72.87789357847183,216320,83480,299800
261,0.8,3,61,9.11530030650122,0.15625,44.19433072273876,219440,83480,302920
262,0.8,3,62,27.7032954766645,0.15625,29.115304635139886,222560,83480,306040
263,0.8,3,63,29.87214224402548,0.15625,74.52566175800764,225680,83480,309160
264,0.8,3,64,38.38312681489358,0.15625,78.30126153466267,228800,83480,312280
265,0.8,3,65,35.90564874740371,0.15625,99.16364882834449,231920,83480,315400
266,0.8,3,66,35.579400486620905,0.15625,60.17705018789843,235040,83480,318520
267,0.8,3,67,29.299487465366845,0.15625,108.49936301933698,238160,83480,321640
268,0.8,3,68,-2.4087293157558873,0.15625,91.42586373720715,241280,83480,324760
269,0.8,3,69,33.92471534335495,0.15625,61.81314004090493,244400,83480,327880
270,0.8,3,70,34.5623332311024,0.15625,25.29114711549165,247520,83480,331000
271,0.8,3,71,21.19788944559339,0.15625,41.067135234321285,250640,83480,334120
272,0.8,3,72,37.51338081175855,0.15625,101.37011747125072,253760,83480,337240
273,0.8,3,73,38.12471287782648,0.15625,60.43259376941277,256880,83480,340360
274,0.8,3,74,30.97248237911585,0.15625,85.55249535371351,260000,83480,343480
275,0.8,3,75,33.040440579327125,0.15625,106.80338523370915,263120,83480,346600
276,0.8,3,76,25.54570247957325,0.15625,69.3143267393479,266240,83480,349720
277,0.8,3,77,38.77495736460503,0.15625,144.9717372679797,269360,104350,373710
278,0.8,3,78,13.745113153307747,0.15625,21.519351159539596,272480,104350,376830
279,0.8,3,79,34.45435938456201,0.15625,35.267545781025284,275600,104350,379950
280,0.8,3,80,38.3303589393252,0.15625,58.69028106160046,278720,104350,383070
281,0.8,3,81,36.50292488614956,0.15625,30.160264642457786,281840,104350,386190
282,0.8,3,82,28.090817957050707,0.15625,24.716818643772225,284960,104350,389310
283,0.8,3,83,28.483666369211658,0.15625,62.103769554090675,288080,104350,392430
284,0.8,3,84,34.01283494194608,0.15625,26.69724500717162,291200,104350,395550
285,0.8,3,85,36.73364381875895,0.15625,103.78619045491378,294320,104350,398670
286,0.8,3,86,36.44367747827419,0.15625,20.797892353530138,297440,104350,401790
287,0.8,3,87,32.503668842780634,0.15625,41.52590356149729,300560,104350,404910
288,0.8,3,88,37.90791703742816,0.15625,22.931449467420894,303680,104350,408030
289,0.8,3,89,38.13836832679268,0.15625,40.963659664396104,306800,104350,411150
290,0.8,3,90,36.99195374560664,0.15625,39.231159338760804,309920,104350,414270
291,0.8,3,91,38.47711668417157,0.15625,34.744289461600985,313040,104350,417390
292,0.8,3,92,18.4114676762038,0.15625,17.731851221712766,316160,104350,420510
293,0.8,3,93,30.39506006539587,0.15625,8.491463256052768,319280,104350,423630
294,0.8,3,94,39.23461403980824,0.15625,29.640956938191522,322400,104350,426750
295,0.8,3,95,39.405076210223584,0.15625,53.25514145666043,325520,104350,429870
296,0.8,3,96,23.998099117240606,0.15625,36.913986798573205,328640,104350,432990
297,0.8,3,97,38.97754826151994,0.15625,29.090909051402257,331760,104350,436110
298,0.8,3,98,36.863365487760966,0.15625,38.26038470201432,334880,125220,460100
299,0.8,3,99,8.684558168443317,0.15625,131.79023018126304,338000,125220,463220
300,0.8,3,100,14.57634589126502,0.15625,59.494996108704285,341120,125220,466340
301,0.8,3,101,36.05981576147287,0.15625,36.66679620949202,344240,125220,469460
302,0.8,3,102,37.45552660423437,0.15625,33.40500042669799,347360,125220,472580
303,0.8,3,103,36.90548033669536,0.15625,41.90052886466791,350480,125220,475700
304,0.8,3,104,26.062117478773434,0.15625,165.209454538344,353600,125220,478820
305,0.8,3,105,39.02931251810786,0.15625,190.20856630331758,356720,125220,481940
306,0.8,3,106,4.377915772344369,0.15625,212.88658420733023,359840,125220,485060
307,0.8,3,107,42.961188149253545,0.15625,60.150162883103974,362960,125220,488180
308,0.8,3,108,38.204201738768475,0.15625,115.86068284665664,366080,125220,491300
309,0.8,3,109,5.6932176328136865,0.15625,185.802814951642,369200,125220,494420
310,0.8,3,110,30.13508186080341,0.15625,182.2064894882787,372320,125220,497540
311,0.8,3,111,40.251883829282725,0.15625,101.62193142674406,375440,125220,500660
312,0.8,3,112,38.94392893309272,0.15625,48.68075875857585,378560,125220,503780
313,0.8,3,113,32.926884586079034,0.15625,7.5212317578703445,381680,125220,506900
314,0.8,3,114,42.21206879253612,0.15625,39.409592122506766,384800,125220,510020
315,0.8,3,115,29.86346107611334,0.15625,54.488232130805535,387920,125220,513140
316,0.8,3,116,32.966212377665784,0.15625,15.839266675165328,391040,125220,516260
317,0.8,3,117,27.30347487068338,0.15625,34.45443337393184,394160,125220,519380
318,0.8,3,118,37.82524111182778,0.15625,21.901507463024593,397280,125220,522500
319,0.8,3,119,24.99232525977102,0.26875,60.51613810952877,402640,146090,548730
320,0.8,3,120,39.757189413644596,0.26875,90.12666027963648,408000,146090,554090
321,0.8,3,121,5.298316598206635,0.26875,176.8601763116263,413360,146090,559450
322,0.8,3,122,31.783426836514348,0.26875,70.92578211801126,418720,146090,564810
323,0.8,3,123,28.807401749599258,0.26875,40.61246427020306,424080,146090,570170
324,0.8,3,124,35.87137842263165,0.26875,352.36650969508304,429440,146090,575530
325,0.8,3,125,20.132212285373512,0.26875,223.81504902633318,434800,146090,580890
326,0.8,3,126,20.529659600551827,0.26875,117.97237292732015,440160,146090,586250
327,0.8,3,127,41.575772067745206,0.26875,13.39752953252849,445520,146090,591610
328,0.8,3,128,42.96548894728111,0.26875,84.45075508660891,450880,146090,596970
329,0.8,3,129,38.8411164573114,0.26875,13.244955125724072,456240,146090,602330
330,0.8,3,130,40.53828687110788,0.26875,152.64717874363095,461600,146090,607690
331,0.8,3,131,38.969066660336956,0.26875,12.400391177782824,466960,146090,613050
332,0.8,3,132,42.23870350087996,0.60625,39.867060064146735,479080,175960,655040
333,0.8,3,133,38.97820069659167,0.60625,189.07343779211163,491200,175960,667160
334,0.8,3,134,42.3849191682413,0.60625,9.178586457357863,503320,175960,679280
335,0.8,3,135,29.810258049460167,0.60625,33.37976383728316,515440,175960,691400
336,0.8,3,136,33.379058485142124,0.60625,39.06700252758118,527560,175960,703520
337,0.8,3,137,37.42401570979368,0.60625,44.17954983773704,539680,175960,715640
338,0.8,3,138,40.25169811606846,0.15625,54.30462194812831,542800,196830,739630
339,0.8,3,139,31.72149590817757,0.15625,9.21682107497204,545920,196830,742750
340,0.8,3,140,9.351244940633004,0.15625,61.719350753408875,549040,196830,745870
341,0.8,3,141,41.18700614324748,0.15625,28.620422153523624,552160,196830,748990
342,0.8,3,142,39.24352179205298,0.15625,15.903896988502492,555280,196830,752110
343,0.8,3,143,12.29646485297908,0.15625,151.4263079899643,558400,196830,755230
344,0.8,3,144,42.10951006145123,0.15625,9.681790518670237,561520,196830,758350
345,0.8,3,145,40.87315805782801,0.15625,35.841119922594025,564640,196830,761470
346,0.8,3,146,26.40834019722551,0.15625,7.7936070307633685,567760,196830,764590
347,0.8,3,147,42.33605138224036,0.15625,52.42687087101505,570880,196830,767710
348,0.8,3,148,41.89451705718483,0.15625,62.70662427443485,574000,196830,770830
349,0.8,3,149,41.36514758158849,0.15625,27.08953460186359,577120,196830,773950
350,0.8,3,150,33.09012114748275,0.15625,30.76263960080437,580240,196830,777070
351,0.8,3,151,36.69996000428833,0.15625,9.720944346858989,583360,196830,780190
352,0.8,3,152,31.360687551067894,0.15625,11.748755884145464,586480,196830,783310
353,0.8,3,153,35.453107548818764,0.15625,13.13679066999067,589600,196830,786430
354,0.8,3,154,34.93326214060134,0.15625,8.581841088315258,592720,196830,789550
355,0.8,3,155,37.383225675167466,0.15625,16.401857339381085,595840,196830,792670
356,0.8,3,156,35.65902890686652,0.15625,8.269653790468903,598960,196830,795790
357,0.8,3,157,28.818111558150555,0.15625,13.061816216293048,602080,196830,798910
358,0.8,3,158,31.26823998332411,0.15625,12.826746782728984,605200,196830,802030
359,0.8,3,159,31.805610144711302,0.38125,22.51991776273368,612820,219950,832770
360,0.8,3,160,39.73677176312731,0.38125,34.92709418083205,620440,219950,840390
361,0.8,3,161,31.796586547934215,0.38125,32.27006180535439,628060,219950,848010
362,0.8,3,162,31.561367286651347,0.38125,144.32534382233192,635680,219950,855630
363,0.8,3,163,40.691445269335276,0.38125,132.86324039712812,643300,219950,863250
364,0.8,3,164,25.042225795050335,0.38125,182.1617453363635,650920,219950,870870
365,0.8,3,165,41.73171654253997,0.38125,56.61782742442491,658540,219950,878490
366,0.8,3,166,36.89860146691445,0.38125,77.15288583149055,666160,219950,886110
367,0.8,3,167,40.170957043510526,0.38125,24.78821693354152,673780,219950,893730
368,0.8,3,168,36.67094162778194,0.15625,41.65944283000292,676900,240820,917720
369,0.8,3,169,39.60299324182048,0.15625,31.680492728770087,680020,240820,920840
370,0.8,3,170,34.79276522193921,0.15625,10.690802938726993,683140,240820,923960
371,0.8,3,171,35.529465949191476,0.15625,7.618481284206155,686260,240820,927080
372,0.8,3,172,32.796181118270546,0.15625,25.040954262458122,689380,240820,930200
373,0.8,3,173,41.488415351174595,0.15625,56.30330457632565,692500,240820,933320
374,0.8,3,174,41.85301524019263,0.15625,5.552089903904055,695620,240820,936440
375,0.8,3,175,42.47265630871841,0.15625,33.70432428773012,698740,240820,939560
376,0.8,3,176,20.243988952125385,0.15625,9.885835163268311,701860,240820,942680
377,0.8,3,177,42.07607567931062,0.15625,11.619704746995437,704980,240820,945800
378,0.8,3,178,40.40563545410363,0.15625,8.735451917493027,708100,240820,948920
379,0.8,3,179,32.77658429314501,0.15625,8.985827037834827,711220,240820,952040
380,0.8,3,180,41.65181972887146,0.15625,100.0758786404066,714340,240820,955160
381,0.8,3,181,42.393931932776255,0.15625,23.75421162674273,717460,240820,958280
382,0.8,3,182,42.401727142535904,0.15625,36.56119152126581,720580,240820,961400
383,0.8,3,183,32.55124578409256,0.15625,27.53179818061518,723700,240820,964520
384,0.8,3,184,28.013966462846856,0.15625,27.483359637451265,726820,240820,967640
385,0.8,3,185,29.543058322787697,0.15625,39.556008977274146,729940,240820,970760
386,0.8,3,186,42.66994512830123,0.15625,3.763713772786643,733060,240820,973880
387,0.8,3,187,42.58571395749055,0.15625,10.083579595619726,736180,240820,977000
388,0.8,3,188,32.5370239402056,0.15625,18.86320385565748,739300,240820,980120
389,0.8,3,189,42.144400074171344,0.38125,88.75243917508666,746920,263940,1010860
390,0.8,4,1,-9.983884291090819,0.15625,210.38131085104652,3120,20870,23990
391,0.8,4,2,9.614228948181701,0.15625,242.51269010749905,6240,20870,27110
392,0.8,4,3,-23.790102690698788,0.15625,242.24799025553412,9360,20870,30230
393,0.8,4,4,-12.320206852811506,0.15625,213.9107724262476,12480,20870,33350
394,0.8,4,5,9.614228948181701,0.15625,330.301278649151,15600,20870,36470
395,0.8,4,6,10.721760954667518,0.15625,269.21187016401643,18720,20870,39590
396,0.8,4,7,6.020440272747954,0.15625,199.38649109131595,21840,20870,42710
397,0.8,4,8,-19.944706616453338,0.15625,206.91249464806407,24960,20870,45830
398,0.8,4,9,27.839300328795012,0.15625,257.9006561665136,28080,20870,48950
399,0.8,4,10,21.607068865019464,0.15625,220.10077497654365,31200,20870,52070
400,0.8,4,11,84.80666885787905,0.15625,355.4280534114217,34320,20870,55190
401,0.8,4,12,17.61329945891098,0.15625,345.85840619182966,37440,20870,58310
402,0.8,4,13,27.7032954766645,0.15625,311.4043263586936,40560,20870,61430
403,0.8,4,14,-33.39039230285978,0.15625,170.30001832038846,43680,20870,64550
404,0.8,4,15,29.1730945881141,0.15625,117.7850958163931,46800,20870,67670
405,0.8,4,16,23.528909983561896,0.15625,252.22325827758408,49920,20870,70790
406,0.8,4,17,14.877173519841037,0.15625,214.01508317181887,53040,20870,73910
407,0.8,4,18,27.7032954766645,0.15625,291.1824710896707,56160,20870,77030
408,0.8,4,19,19.782827495716962,0.15625,213.9132153057958,59280,20870,80150
409,0.8,4,20,9.614228948181701,0.15625,289.61355024842146,62400,20870,83270
410,0.8,4,21,27.7032954766645,0.15625,232.8575964159862,65520,20870,86390
411,0.8,4,22,8.387551014758333,0.15625,136.96454461424213,68640,41740,110380
412,0.8,4,23,14.933035234895584,0.15625,390.95096242498437,71760,41740,113500
413,0.8,4,24,12.174202420926907,0.15625,136.95063359575795,74880,41740,116620
414,0.8,4,25,14.931315052679532,0.15625,180.90147704142728,78000,41740,119740
415,0.8,4,26,20.941651604167852,0.15625,258.25354495803424,81120,41740,122860
416,0.8,4,27,27.703295619437363,0.15625,179.89946986889566,84240,41740,125980
417,0.8,4,28,4.201821329083443,0.15625,84.54912364036934,87360,41740,129100
418,0.8,4,29,27.7032954766645,0.15625,181.99393522594903,90480,41740,132220
419,0.8,4,30,17.920508708010935,0.15625,88.19474295722596,93600,41740,135340
420,0.8,4,31,28.124620631078393,0.15625,101.01420084910129,96720,41740,138460
421,0.8,4,32,27.72475672377751,0.15625,118.78051737982662,99840,41740,141580
422,0.8,4,33,-16.242887889354286,0.15625,240.0962300153676,102960,41740,144700
423,0.8,4,34,14.905761649511556,0.15625,145.49398984132682,106080,41740,147820
424,0.8,4,35,33.10112467281164,0.15625,210.8519274634682,109200,41740,150940
425,0.8,4,36,14.931315052679532,0.15625,276.3425739473124,112320,41740,154060
426,0.8,4,37,15.367665518789483,0.15625,60.68981118604902,115440,41740,157180
427,0.8,4,38,28.124620631078393,0.15625,144.75810320730972,118560,41740,160300
428,0.8,4,39,10.447068969049948,0.15625,214.73049514293842,121680,41740,163420
429,0.8,4,40,-31.836474076068733,0.15625,99.16664612882172,124800,41740,166540
430,0.8,4,41,75.31774189043554,0.15625,104.81823302709972,127920,41740,169660
431,0.8,4,42,14.09310168924091,0.15625,100.53263943767017,131040,41740,172780
432,0.8,4,43,26.09670037874564,0.26875,258.89303048792857,136400,62610,199010
433,0.8,4,44,-2.461624086609934,0.26875,350.869673974168,141760,62610,204370
434,0.8,4,45,78.57810577085434,0.26875,479.98108633467444,147120,62610,209730
435,0.8,4,46,102.16946065721092,0.26875,419.80034796183475,152480,62610,215090
436,0.8,4,47,94.01816934951738,0.26875,315.4055500044568,157840,62610,220450
437,0.8,4,48,89.83540572646703,0.26875,361.38662308252,163200,62610,225810
438,0.8,4,49,89.77301369795988,0.26875,211.56627218373555,168560,62610,231170
439,0.8,4,50,89.93068210091278,0.26875,490.79116523176634,173920,62610,236530
440,0.8,4,51,256.5951246610219,0.26875,505.84563374910675,179280,62610,241890
441,0.8,4,52,38.252417428648926,0.26875,315.02990013526073,184640,62610,247250
442,0.8,4,53,99.98908576646379,0.26875,308.2809985576288,190000,62610,252610
443,0.8,4,54,223.76914473863994,0.26875,338.10895964750284,195360,62610,257970
444,0.8,4,55,35.82308240769549,0.26875,403.3056605005816,200720,62610,263330
445,0.8,4,56,78.26419547481886,0.60625,1474.3286129730946,212840,92480,305320
446,0.8,4,57,105.90552433074859,0.60625,2251.4348609257454,224960,92480,317440
447,0.8,4,58,192.20059740199753,0.60625,2023.5206325683898,237080,92480,329560
448,0.8,4,59,107.80083733231409,0.60625,1733.8817458907001,249200,92480,341680
449,0.8,4,60,237.79097471093436,0.60625,1624.2984141794975,261320,92480,353800
450,0.8,4,61,241.9678398365762,0.60625,2344.222715245224,273440,92480,365920
451,0.8,4,62,57.350808248914554,0.15625,180.81384220250362,276560,113350,389910
452,0.8,4,63,216.86588048883073,0.15625,187.48487333498906,279680,113350,393030
453,0.8,4,64,33.80370144855051,0.15625,67.3514663724778,282800,113350,396150
454,0.8,4,65,196.37409427993592,0.15625,145.60616939280257,285920,113350,399270
455,0.8,4,66,20.225345563539307,0.15625,105.34636988317588,289040,113350,402390
456,0.8,4,67,13.164035565698109,0.15625,165.15162389990434,292160,113350,405510
457,0.8,4,68,-11.759313176197086,0.15625,298.4362150487059,295280,113350,408630
458,0.8,4,69,8.526313583007227,0.15625,306.4816975407232,298400,113350,411750
459,0.8,4,70,137.91711657587163,0.15625,332.76720789356256,301520,113350,414870
460,0.8,4,71,25.699656350831766,0.15625,191.13315996810826,304640,113350,417990
461,0.8,4,72,89.57839879401595,0.15625,235.071201859072,307760,113350,421110
462,0.8,4,73,21.39185242050826,0.15625,420.92261718598456,310880,113350,424230
463,0.8,4,74,130.3273549816556,0.15625,215.716926672346,314000,113350,427350
464,0.8,4,75,58.1068249422342,0.15625,496.4875431708221,317120,113350,430470
465,0.8,4,76,37.78284430715001,0.15625,457.6852693206095,320240,113350,433590
466,0.8,4,77,1.0602350957054814,0.15625,468.325142666641,323360,113350,436710
467,0.8,4,78,-6.281205910567015,0.15625,163.8056479369058,326480,113350,439830
468,0.8,4,79,45.57317452319343,0.15625,249.76021001871035,329600,113350,442950
469,0.8,4,80,40.75349643623784,0.15625,116.87520322043477,332720,113350,446070
470,0.8,4,81,58.82632465183913,0.15625,87.02110514924155,335840,113350,449190
471,0.8,4,82,-5.454694286304223,0.15625,93.27441030911356,338960,113350,452310
472,0.8,4,83,-3.6518260608203605,0.83125,3012.625894892087,355580,145470,501050
473,0.8,4,84,102.46136480400814,0.83125,973.5716482307768,372200,145470,517670
474,0.8,4,85,129.73476446977818,0.83125,663.185182577725,388820,145470,534290
475,0.8,4,86,129.2235594290324,0.83125,2177.1954971231903,405440,145470,550910
476,0.8,4,87,103.67673197694698,0.83125,2037.7812050920384,422060,145470,567530
477,0.8,4,88,213.9262922796442,0.38125,769.7953676695266,429680,168590,598270
478,0.8,4,89,133.71333878541074,0.38125,297.8966505034999,437300,168590,605890
479,0.8,4,90,112.47787778128232,0.38125,807.1105035726391,444920,168590,613510
480,0.8,4,91,212.61740511330513,0.38125,167.43254382337383,452540,168590,621130
481,0.8,4,92,252.56835414920124,0.38125,272.57485103838764,460160,168590,628750
482,0.8,4,93,94.47686195428878,0.38125,388.4702513692013,467780,168590,636370
483,0.8,4,94,271.36617779490473,0.38125,569.9248593683204,475400,168590,643990
484,0.8,4,95,260.8324709394011,0.38125,487.5329512869981,483020,168590,651610
485,0.8,4,96,199.94708882914182,0.38125,1031.497981755249,490640,168590,659230
486,0.8,4,97,130.82992123813779,0.15625,197.24260041151427,493760,189460,683220
487,0.8,4,98,187.2771832510644,0.15625,90.94017825277432,496880,189460,686340
488,0.8,4,99,280.5220996797392,0.15625,143.4580141987339,500000,189460,689460
489,0.8,4,100,260.15300131743913,0.15625,140.90847804195394,503120,189460,692580
490,0.8,4,101,67.02011358377635,0.15625,146.3080805096472,506240,189460,695700
491,0.8,4,102,-29.46291911777355,0.15625,160.55935542544196,509360,189460,698820
492,0.8,4,103,-24.19795143643479,0.15625,128.6705437101142,512480,189460,701940
493,0.8,4,104,11.16231539594151,0.15625,122.14549860359674,515600,189460,705060
494,0.8,4,105,35.442776655775525,0.15625,131.86702058214138,518720,189460,708180
495,0.8,4,106,95.57435068604255,0.15625,225.70196736728977,521840,189460,711300
496,0.8,4,107,102.14003242805352,0.15625,134.510224588178,524960,189460,714420
497,0.8,4,108,69.84164768926163,0.15625,147.7728317132414,528080,189460,717540
498,0.8,4,109,104.95070084638208,0.15625,193.70528665963099,531200,189460,720660
499,0.8,4,110,-52.553103781532705,0.15625,63.06306048618732,534320,189460,723780
500,0.8,4,111,-19.145791230801812,0.15625,105.6196434201357,537440,189460,726900
501,0.8,4,112,56.36782987219259,0.15625,123.53183231135554,540560,189460,730020
502,0.8,4,113,25.62951665060826,0.15625,175.82109280672535,543680,189460,733140
503,0.8,4,114,-79.46897542898594,0.15625,50.437687145138014,546800,189460,736260
504,0.8,4,115,-52.77433531715989,0.15625,140.0614545881273,549920,189460,739380
505,0.8,4,116,130.78435210522372,0.15625,77.17616560668205,553040,189460,742500
506,0.8,4,117,-67.86531439843955,0.15625,83.43509591770996,556160,189460,745620
507,0.8,4,118,-83.70391024407877,0.49375,954.3292607914609,566020,212580,778600
508,0.8,4,119,212.06911108177118,0.49375,565.1705183279815,575880,212580,788460
509,0.8,4,120,208.55338776998133,0.49375,738.082205779561,585740,212580,798320
510,0.8,4,121,247.8489601384727,0.49375,1048.7492785453614,595600,212580,808180
511,0.8,4,122,39.36639617984436,0.49375,1644.9073206170026,605460,212580,818040
512,0.8,4,123,102.16127732772432,0.49375,975.5301072562334,615320,212580,827900
513,0.8,4,124,184.12789477177256,0.49375,967.6418378734754,625180,212580,837760
514,0.8,4,125,294.75706723219025,0.49375,1786.5889432111198,635040,212580,847620
515,0.8,4,126,278.90922923402167,0.83125,6403.7979768636405,651660,244700,896360
516,0.8,4,127,158.59751549970116,0.83125,4983.415604903244,668280,244700,912980
517,0.8,4,128,153.64248449047417,0.83125,4785.116636978596,684900,244700,929600
518,0.8,4,129,98.07598387003932,0.83125,5745.49387597834,701520,244700,946220
519,0.8,4,130,289.1175906509773,0.83125,2900.205877174588,718140,244700,962840
520,0.8,4,131,222.1500390822876,0.26875,224.20535333692925,723500,265570,989070
521,0.8,4,132,276.34557331897975,0.26875,365.8894140195458,728860,265570,994430
522,0.8,4,133,237.6140816485534,0.26875,648.412022631492,734220,265570,999790
523,0.8,4,134,273.12461815188556,0.26875,598.517459231993,739580,265570,1005150
524,0.8,5,1,-22.017783411058367,0.15625,131.5534216345083,3120,20870,23990
525,0.8,5,2,35.19619524103117,0.15625,256.35308751342217,6240,20870,27110
526,0.8,5,3,-16.259271884351996,0.15625,252.15429403037257,9360,20870,30230
527,0.8,5,4,-4.948032671389192,0.15625,248.20027549076426,12480,20870,33350
528,0.8,5,5,27.06524812696255,0.15625,231.0009411459201,15600,20870,36470
529,0.8,5,6,-18.620186664558155,0.15625,308.5821994191641,18720,20870,39590
530,0.8,5,7,20.821676065055712,0.15625,217.23488425429622,21840,20870,42710
531,0.8,5,8,-22.793880094093716,0.15625,215.91043998699902,24960,20870,45830
532,0.8,5,9,14.931315052679532,0.15625,331.6022525351821,28080,20870,48950
533,0.8,5,10,-22.048370493139764,0.15625,290.9899148458277,31200,20870,52070
534,0.8,5,11,16.782726267207156,0.15625,294.17357661446397,34320,20870,55190
535,0.8,5,12,6.238598055188454,0.15625,199.63967547901606,37440,20870,58310
536,0.8,5,13,11.407926324899929,0.15625,190.9455924231027,40560,20870,61430
537,0.8,5,14,22.448029691476258,0.15625,231.38923593102294,43680,20870,64550
538,0.8,5,15,29.81411777807882,0.15625,175.79352349938753,46800,20870,67670
539,0.8,5,16,9.648701567461902,0.15625,273.90432644578453,49920,20870,70790
540,0.8,5,17,19.03164938697109,0.15625,387.1547369911581,53040,20870,73910
541,0.8,5,18,26.510680264842996,0.15625,160.64337587081852,56160,20870,77030
542,0.8,5,19,14.390291904573498,0.15625,231.0370243619046,59280,20870,80150
543,0.8,5,20,-24.23253160634139,0.15625,279.2369211301012,62400,20870,83270
544,0.8,5,21,-19.944706704421673,0.15625,305.52025226523,65520,20870,86390
545,0.8,5,22,1.0425748453730352,0.15625,105.52649686008333,68640,41740,110380
546,0.8,5,23,-20.026664482522058,0.15625,304.04885078164824,71760,41740,113500
547,0.8,5,24,4.196384940466032,0.15625,387.9191401132359,74880,41740,116620
548,0.8,5,25,14.451678529497254,0.15625,275.3915631180445,78000,41740,119740
549,0.8,5,26,60.60151055622597,0.15625,303.4627154710425,81120,41740,122860
550,0.8,5,27,2.577510006117013,0.15625,240.8225258753906,84240,41740,125980
551,0.8,5,28,9.614228948181701,0.15625,392.91419420122844,87360,41740,129100
552,0.8,5,29,176.77045917345276,0.15625,371.69146828304747,90480,41740,132220
553,0.8,5,30,60.73416298243188,0.15625,177.21782999269465,93600,41740,135340
554,0.8,5,31,166.14272932010297,0.15625,227.73033004298244,96720,41740,138460
555,0.8,5,32,166.7424019550638,0.15625,160.5741418271264,99840,41740,141580
556,0.8,5,33,173.76010807366785,0.15625,249.8609836655715,102960,41740,144700
557,0.8,5,34,135.4910700882195,0.15625,138.01069567313277,106080,41740,147820
558,0.8,5,35,42.98497515987257,0.15625,133.61619281121926,109200,41740,150940
559,0.8,5,36,9.614417636265678,0.15625,137.31190422027979,112320,41740,154060
560,0.8,5,37,140.16082044620413,0.15625,92.22992839425311,115440,41740,157180
561,0.8,5,38,30.337689759559616,0.15625,180.27790672791423,118560,41740,160300
562,0.8,5,39,-10.307138106535067,0.15625,138.16912395629637,121680,41740,163420
563,0.8,5,40,30.529900393540125,0.15625,77.94017488003325,124800,41740,166540
564,0.8,5,41,35.921204017559525,0.15625,97.89497575870472,127920,41740,169660
565,0.8,5,42,182.54362675002537,0.15625,164.0068331354587,131040,41740,172780
566,0.8,5,43,53.76847130849247,0.38125,464.3109168984819,138660,64860,203520
567,0.8,5,44,131.19217091076484,0.38125,503.34174915855453,146280,64860,211140
568,0.8,5,45,73.53525909916547,0.38125,404.4439598301246,153900,64860,218760
569,0.8,5,46,144.9671620640423,0.38125,579.8141384529147,161520,64860,226380
570,0.8,5,47,-45.69115506832021,0.38125,792.8911186365124,169140,64860,234000
571,0.8,5,48,107.63760429244846,0.38125,405.59094573038294,176760,64860,241620
572,0.8,5,49,89.31388986525117,0.38125,369.9451301087835,184380,64860,249240
573,0.8,5,50,56.960811853996276,0.38125,636.9599941713657,192000,64860,256860
574,0.8,5,51,184.17760857251133,0.38125,743.156173063538,199620,64860,264480
575,0.8,5,52,127.10388116168458,0.49375,1244.785571438714,209480,87980,297460
576,0.8,5,53,187.5662203890184,0.49375,1048.1210564345054,219340,87980,307320
577,0.8,5,54,166.82518443959998,0.49375,856.358964864171,229200,87980,317180
578,0.8,5,55,136.1067006427799,0.49375,1044.5700263222493,239060,87980,327040
579,0.8,5,56,200.2607980660962,0.49375,813.8315127788636,248920,87980,336900
580,0.8,5,57,-119.5940945409496,0.49375,1375.9887018489771,258780,87980,346760
581,0.8,5,58,213.92775419894855,0.49375,1317.676557111866,268640,87980,356620
582,0.8,5,59,-18.03833360939371,0.49375,1562.854803717922,278500,87980,366480
583,0.8,5,60,-32.69737104429943,0.38125,728.6487267149736,286120,111100,397220
584,0.8,5,61,188.3330293800663,0.38125,610.9070616632455,293740,111100,404840
585,0.8,5,62,197.3608635761399,0.38125,782.5081014001461,301360,111100,412460
586,0.8,5,63,167.55645703923145,0.38125,475.6778431984112,308980,111100,420080
587,0.8,5,64,147.1460178447954,0.38125,490.6544295462136,316600,111100,427700
588,0.8,5,65,246.08033805956953,0.38125,1286.2957058247569,324220,111100,435320
589,0.8,5,66,246.16109227475698,0.38125,608.3335577273814,331840,111100,442940
590,0.8,5,67,248.07127943851773,0.38125,974.2621596321745,339460,111100,450560
591,0.8,5,68,239.91014659834264,0.38125,1222.3711766973906,347080,111100,458180
592,0.8,5,69,250.46281538460727,0.38125,1091.7503657358743,354700,134220,488920
593,0.8,5,70,21.50072156479558,0.38125,1150.0033700935185,362320,134220,496540
594,0.8,5,71,251.83726745931563,0.38125,497.9953996629639,369940,134220,504160
595,0.8,5,72,128.28190169766046,0.38125,411.3736031449072,377560,134220,511780
596,0.8,5,73,242.32166883370965,0.38125,623.8158162249325,385180,134220,519400
597,0.8,5,74,36.081729221267764,0.38125,1171.110810661563,392800,134220,527020
598,0.8,5,75,167.64407248487845,0.38125,893.7684186318132,400420,134220,534640
599,0.8,5,76,240.6015318667769,0.38125,1711.4192737808528,408040,134220,542260
600,0.8,5,77,173.24315825615219,0.38125,807.8139379105711,415660,134220,549880
601,0.8,5,78,37.420014750644064,0.15625,60.23667954427085,418780,155090,573870
602,0.8,5,79,196.9374232605044,0.15625,330.3862332364224,421900,155090,576990
603,0.8,5,80,239.84684176038317,0.15625,177.08272491255337,425020,155090,580110
604,0.8,5,81,2.585770223462434,0.15625,118.01752987600109,428140,155090,583230
605,0.8,5,82,192.9962092225851,0.15625,251.5372064834243,431260,155090,586350
606,0.8,5,83,118.66975664869442,0.15625,177.4616261506177,434380,155090,589470
607,0.8,5,84,71.75798632808811,0.15625,317.0509508207929,437500,155090,592590
608,0.8,5,85,302.20951349470835,0.15625,185.22776470670755,440620,155090,595710
609,0.8,5,86,251.67231207105678,0.15625,221.34327697681732,443740,155090,598830
610,0.8,5,87,-9.289176998008005,0.15625,274.91926396213046,446860,155090,601950
611,0.8,5,88,-3.056833378878192,0.15625,178.58655849022307,449980,155090,605070
612,0.8,5,89,83.0570917330258,0.15625,220.73273267906674,453100,155090,608190
613,0.8,5,90,-27.180335610498258,0.15625,222.17369719003756,456220,155090,611310
614,0.8,5,91,80.44093965732188,0.15625,241.81495906956494,459340,155090,614430
615,0.8,5,92,-52.784710766608704,0.15625,139.17402163489925,462460,155090,617550
616,0.8,5,93,11.511998340577664,0.15625,183.85665397919692,465580,155090,620670
617,0.8,5,94,-14.880492055620929,0.15625,138.05080831282766,468700,155090,623790
618,0.8,5,95,79.72755839502454,0.15625,69.82520017782412,471820,155090,626910
619,0.8,5,96,9.614228948181701,0.15625,220.8986463392677,474940,155090,630030
620,0.8,5,97,25.888659546953438,0.15625,114.53610005569456,478060,155090,633150
621,0.8,5,98,-25.075876279956212,0.15625,85.86105516093191,481180,155090,636270
622,0.8,5,99,28.826491934869278,0.83125,1148.2337727430233,497800,187210,685010
623,0.8,5,100,113.33630167708623,0.83125,1881.439683337577,514420,187210,701630
624,0.8,5,101,95.36331695740027,0.83125,1544.658520546716,531040,187210,718250
625,0.8,5,102,110.49080228239936,0.83125,1646.3152587998452,547660,187210,734870
626,0.8,5,103,134.51008396272226,0.83125,1533.455866916565,564280,187210,751490
627,0.8,5,104,73.73865702637147,0.60625,2476.678244433603,576400,217080,793480
628,0.8,5,105,205.25017224512584,0.60625,940.4698024692534,588520,217080,805600
629,0.8,5,106,71.28159500900648,0.60625,2694.062044427918,600640,217080,817720
630,0.8,5,107,191.6482999853953,0.60625,2486.1586931656066,612760,217080,829840
631,0.8,5,108,-9.761421281603527,0.60625,3332.6404441966706,624880,217080,841960
632,0.8,5,109,175.47028679448664,0.60625,188.42595284170994,637000,217080,854080
633,0.8,5,110,125.63808119436631,0.83125,1990.275314435752,653620,249200,902820
634,0.8,5,111,69.20454355229668,0.83125,1479.593784573742,670240,249200,919440
635,0.8,5,112,106.81131325861585,0.83125,3423.441006373155,686860,249200,936060
636,0.8,5,113,198.1836236918807,0.83125,976.0655225982528,703480,249200,952680
637,0.8,5,114,44.26157724464016,0.83125,4774.693452320441,720100,249200,969300
638,0.8,5,115,-46.828763756961735,0.83125,4534.131643360082,736720,281320,1018040
639,0.8,6,1,-20.0410876191407,0.15625,244.5844919312443,3120,20870,23990
640,0.8,6,2,-3.535353596601129,0.15625,305.77209912523455,6240,20870,27110
641,0.8,6,3,-24.393848881042047,0.15625,267.6549997747677,9360,20870,30230
642,0.8,6,4,10.959954732908624,0.15625,261.37635920943956,12480,20870,33350
643,0.8,6,5,11.550468203650086,0.15625,275.09054792678245,15600,20870,36470
644,0.8,6,6,78.9224147103488,0.15625,205.87023166093914,18720,20870,39590
645,0.8,6,7,42.50312274518145,0.15625,197.9815843085907,21840,20870,42710
646,0.8,6,8,15.950642805334008,0.15625,198.880002392787,24960,20870,45830
647,0.8,6,9,11.77346178334287,0.15625,317.31568076287607,28080,20870,48950
648,0.8,6,10,-29.92673930181267,0.15625,199.16663566961387,31200,20870,52070
649,0.8,6,11,9.627621719836013,0.15625,218.00379324101291,34320,20870,55190
650,0.8,6,12,-14.57102620005045,0.15625,225.27873965331318,37440,20870,58310
651,0.8,6,13,9.80446582909734,0.15625,239.70310054005682,40560,20870,61430
652,0.8,6,14,3.1663761451998695,0.15625,229.99809029621574,43680,20870,64550
653,0.8,6,15,9.614228948181701,0.15625,234.6068644805611,46800,20870,67670
654,0.8,6,16,9.614228948181701,0.15625,223.1640289826475,49920,20870,70790
655,0.8,6,17,27.7032954766645,0.15625,54.52960646846365,53040,20870,73910
656,0.8,6,18,27.7032954766645,0.15625,342.1657825910832,56160,20870,77030
657,0.8,6,19,27.721561403204714,0.15625,82.01794368682468,59280,20870,80150
658,0.8,6,20,27.7032954766645,0.15625,99.31570020989575,62400,20870,83270
659,0.8,6,21,27.7032954766645,0.15625,194.4726833458446,65520,20870,86390
660,0.8,6,22,27.7032954766645,0.15625,164.90359470957952,68640,41740,110380
661,0.8,6,23,27.71033408955507,0.15625,230.4758590792495,71760,41740,113500
662,0.8,6,24,-17.015423316714276,0.15625,241.39619288148305,74880,41740,116620
663,0.8,6,25,26.992863980662445,0.15625,154.63923000966292,78000,41740,119740
664,0.8,6,26,14.931315052679532,0.15625,191.71416247660142,81120,41740,122860
665,0.8,6,27,27.7032954766645,0.15625,306.01570861799064,84240,41740,125980
666,0.8,6,28,27.7032954766645,0.15625,319.02856623609995,87360,41740,129100
667,0.8,6,29,27.7032954766645,0.15625,242.40981668268046,90480,41740,132220
668,0.8,6,30,27.7032954766645,0.15625,201.0353885423545,93600,41740,135340
669,0.8,6,31,27.7032954766645,0.15625,198.49456733902224,96720,41740,138460
670,0.8,6,32,0.5472188754963099,0.15625,73.18903862004338,99840,41740,141580
671,0.8,6,33,9.612560353608933,0.15625,374.60501185567944,102960,41740,144700
672,0.8,6,34,9.319223542714173,0.15625,223.35349108171695,106080,41740,147820
673,0.8,6,35,16.190910939646464,0.15625,113.55814406176589,109200,41740,150940
674,0.8,6,36,28.310346584116758,0.15625,154.5379390164515,112320,41740,154060
675,0.8,6,37,16.465068722823837,0.15625,80.4038139445638,115440,41740,157180
676,0.8,6,38,27.7032954766645,0.15625,25.330338458591974,118560,41740,160300
677,0.8,6,39,11.843914630464484,0.15625,149.88336714406813,121680,41740,163420
678,0.8,6,40,27.7032954766645,0.15625,74.24813419670235,124800,41740,166540
679,0.8,6,41,9.600814304758902,0.15625,127.25017441704854,127920,41740,169660
680,0.8,6,42,6.592296291768015,0.15625,117.93936476875247,131040,41740,172780
681,0.8,6,43,32.83400080440056,0.15625,159.81250193224705,134160,62610,196770
682,0.8,6,44,-15.080907863301302,0.15625,322.80324217488834,137280,62610,199890
683,0.8,6,45,37.554809274887305,0.15625,134.18266821905124,140400,62610,203010
684,0.8,6,46,41.53232640418456,0.15625,96.38874180237109,143520,62610,206130
685,0.8,6,47,26.760069584392262,0.15625,79.29967851750641,146640,62610,209250
686,0.8,6,48,27.7032954766645,0.15625,162.67804776143876,149760,62610,212370
687,0.8,6,49,32.04889719516622,0.15625,225.0103836128539,152880,62610,215490
688,0.8,6,50,27.93667879293688,0.15625,167.38811806203177,156000,62610,218610
689,0.8,6,51,-0.6928596085172223,0.15625,107.15695880709629,159120,62610,221730
690,0.8,6,52,28.046227522295464,0.15625,80.53557016338446,162240,62610,224850
691,0.8,6,53,-19.188805659904105,0.15625,249.62281400639722,165360,62610,227970
692,0.8,6,54,27.7032954766645,0.15625,130.147280559027,168480,62610,231090
693,0.8,6,55,-30.645707997212963,0.15625,90.96207878271123,171600,62610,234210
694,0.8,6,56,6.465007090944125,0.15625,183.45555238088156,174720,62610,237330
695,0.8,6,57,31.14457862994766,0.15625,91.42654936851018,177840,62610,240450
696,0.8,6,58,37.860173322727526,0.15625,340.9117840197963,180960,62610,243570
697,0.8,6,59,32.54914496564484,0.15625,320.33292395536876,184080,62610,246690
698,0.8,6,60,39.36636657490287,0.15625,139.80776445767611,187200,62610,249810
699,0.8,6,61,13.081253172742077,0.15625,187.23141530131895,190320,62610,252930
700,0.8,6,62,107.4356530820028,0.15625,186.216727972826,193440,62610,256050
701,0.8,6,63,27.7032954766645,0.15625,282.3874362978426,196560,62610,259170
702,0.8,6,64,2.2548386330717607,0.15625,292.62386036673564,199680,83480,283160
703,0.8,6,65,35.899503759546675,0.15625,214.5229943027091,202800,83480,286280
704,0.8,6,66,6.430724917897554,0.15625,150.69512603645506,205920,83480,289400
705,0.8,6,67,-5.198112224588063,0.15625,250.5244055311376,209040,83480,292520
706,0.8,6,68,27.7032954766645,0.15625,137.55926386282187,212160,83480,295640
707,0.8,6,69,27.7032954766645,0.15625,318.55670854918225,215280,83480,298760
708,0.8,6,70,27.7032954766645,0.15625,55.78271639385694,218400,83480,301880
709,0.8,6,71,9.590573048471626,0.15625,101.88572535838264,221520,83480,305000
710,0.8,6,72,34.254295347085176,0.15625,77.96041861413693,224640,83480,308120
711,0.8,6,73,16.111239076478537,0.15625,188.72775241547444,227760,83480,311240
712,0.8,6,74,33.17244125466272,0.15625,128.12876614355986,230880,83480,314360
713,0.8,6,75,32.564197813111946,0.15625,80.89258754091102,234000,83480,317480
714,0.8,6,76,26.00216908983357,0.15625,169.064644776332,237120,83480,320600
715,0.8,6,77,20.46877203173987,0.15625,84.11462035111263,240240,83480,323720
716,0.8,6,78,30.608604690264183,0.15625,114.9850790353909,243360,83480,326840
717,0.8,6,79,27.00665586129802,0.15625,117.29225860908737,246480,83480,329960
718,0.8,6,80,32.472938319643355,0.15625,117.31128481393216,249600,83480,333080
719,0.8,6,81,34.180134281998576,0.15625,220.24112983703304,252720,83480,336200
720,0.8,6,82,29.98806554233701,0.15625,97.3265692332981,255840,83480,339320
721,0.8,6,83,15.56434039630202,0.15625,106.32024106257532,258960,83480,342440
722,0.8,6,84,18.067730337584265,0.15625,69.19633543537694,262080,83480,345560
723,0.8,6,85,11.28483130230902,0.15625,280.8539918195602,265200,104350,369550
724,0.8,6,86,38.41377580784939,0.15625,149.26255315880402,268320,104350,372670
725,0.8,6,87,23.92802973412341,0.15625,286.89510202444274,271440,104350,375790
726,0.8,6,88,5.886263118559613,0.15625,163.61819288440375,274560,104350,378910
727,0.8,6,89,24.245852204976224,0.15625,369.8666877436082,277680,104350,382030
728,0.8,6,90,32.52540887514205,0.15625,314.15560110288277,280800,104350,385150
729,0.8,6,91,40.642255828446096,0.15625,160.93108002752427,283920,104350,388270
730,0.8,6,92,34.16880317279005,0.15625,109.43777277522231,287040,104350,391390
731,0.8,6,93,36.530182725719726,0.15625,149.83614089230912,290160,104350,394510
732,0.8,6,94,30.88193335366139,0.15625,236.59069954673413,293280,104350,397630
733,0.8,6,95,46.40908244313256,0.15625,128.78850976742848,296400,104350,400750
734,0.8,6,96,139.46514235624792,0.15625,236.5982923726014,299520,104350,403870
735,0.8,6,97,58.66544408570928,0.15625,158.9547822552225,302640,104350,406990
736,0.8,6,98,35.10954804612216,0.15625,110.3922397088515,305760,104350,410110
737,0.8,6,99,32.334021284351564,0.15625,136.8387576354616,308880,104350,413230
738,0.8,6,100,99.29026269624757,0.15625,142.2803108182603,312000,104350,416350
739,0.8,6,101,136.83426751630122,0.15625,155.84086976732002,315120,104350,419470
740,0.8,6,102,-3.051175810571913,0.15625,175.33219683672831,318240,104350,422590
741,0.8,6,103,79.38939573026094,0.15625,116.62836135159918,321360,104350,425710
742,0.8,6,104,-5.789477143308817,0.15625,139.54930402854404,324480,104350,428830
743,0.8,6,105,29.837073197190215,0.15625,201.659097161206,327600,104350,431950
744,0.8,6,106,108.23125859282341,0.94375,5395.238457053866,346460,136470,482930
745,0.8,6,107,192.45619318316182,0.94375,4023.1808425689896,365320,136470,501790
746,0.8,6,108,133.51753452592817,0.94375,4427.363928438977,384180,136470,520650
747,0.8,6,109,192.97238660874368,0.94375,4053.9685341630075,403040,136470,539510
748,0.8,6,110,74.09954122551252,0.94375,4915.930554600827,421900,136470,558370
749,0.8,6,111,196.4214708570587,0.71875,3366.2795545490817,436260,166340,602600
750,0.8,6,112,56.38030199481009,0.71875,2905.5514261240464,450620,166340,616960
751,0.8,6,113,82.64028592962892,0.71875,2508.2856312570334,464980,166340,631320
752,0.8,6,114,101.3543816152003,0.71875,2594.933282895361,479340,166340,645680
753,0.8,6,115,28.3326408157164,0.71875,2385.452991067881,493700,166340,660040
754,0.8,6,116,81.43164501237335,0.71875,3457.39075939894,508060,166340,674400
755,0.8,6,117,153.3935491732829,0.49375,1083.6226620775499,517920,189460,707380
756,0.8,6,118,106.87362359043179,0.49375,918.0366328925795,527780,189460,717240
757,0.8,6,119,135.090187954497,0.49375,1076.483135220615,537640,189460,727100
758,0.8,6,120,31.58813148687745,0.49375,1162.3515638847273,547500,189460,736960
759,0.8,6,121,107.48955591595987,0.49375,1373.453471655776,557360,189460,746820
760,0.8,6,122,238.6085847240105,0.49375,1855.5169925483478,567220,189460,756680
761,0.8,6,123,151.70668473801902,0.49375,1523.8093886693364,577080,189460,766540
762,0.8,6,124,228.8201292217479,0.49375,1017.5179321481626,586940,189460,776400
763,0.8,6,125,137.04913326022543,0.49375,1159.630369061859,596800,212580,809380
764,0.8,6,126,227.5958507081857,0.49375,1887.7380896001391,606660,212580,819240
765,0.8,6,127,209.27791511317315,0.49375,2603.648183866496,616520,212580,829100
766,0.8,6,128,42.49745395508515,0.49375,1256.7065059571626,626380,212580,838960
767,0.8,6,129,69.47300045336759,0.49375,1242.1445607819546,636240,212580,848820
768,0.8,6,130,306.1324434804316,0.49375,2764.4708941937297,646100,212580,858680
769,0.8,6,131,25.805619138162893,0.49375,1236.9801571629846,655960,212580,868540
770,0.8,6,132,18.942472889286954,0.49375,2792.0204756495505,665820,212580,878400
771,0.8,6,133,113.5086053297412,0.38125,1504.7837671548518,673440,235700,909140
772,0.8,6,134,341.4344173829128,0.38125,1195.939554804632,681060,235700,916760
773,0.8,6,135,231.70299592537975,0.38125,814.2800567434681,688680,235700,924380
774,0.8,6,136,304.43397019334634,0.38125,1613.9506871877,696300,235700,932000
775,0.8,6,137,173.36063771390076,0.38125,1954.158665492528,703920,235700,939620
776,0.8,6,138,250.5979614159397,0.38125,629.5068079892436,711540,235700,947240
777,0.8,6,139,326.9064833335375,0.38125,1275.9239401892307,719160,235700,954860
778,0.8,6,140,271.1111491822754,0.38125,1320.518488560845,726780,235700,962480
779,0.8,6,141,249.2460451793542,0.38125,823.9108462822093,734400,235700,970100
780,0.8,6,142,319.68177514750244,0.38125,1919.4995005198984,742020,258820,1000840
