,accuracy,n_solution,score,time
0,1.0,1,30394110.95615598,0.1007971763610839
1,1.0,2,25111246.997789983,0.1310219764709472
2,1.0,3,25821220.75742106,0.0946583747863769
3,1.0,4,28006326.3968791,0.0841615200042724
4,1.0,5,32626172.64713378,0.0837304592132568
5,1.0,6,29853017.659094498,0.0924315452575683
6,1.0,7,31193227.94975428,0.0980207920074462
7,1.0,8,33726406.75539515,0.0821239948272705
8,1.0,9,30925263.26178933,0.0828406810760498
9,1.0,10,32026315.57992081,0.0769243240356445
10,1.0,11,27041271.80818216,0.0852904319763183
11,1.0,12,26103446.52120957,0.1031570434570312
12,1.0,13,29954011.573266,0.0809748172760009
13,1.0,14,30178464.05485816,0.097743272781372
14,1.0,15,31803281.82576014,0.0773017406463623
15,1.0,16,31509308.373636145,0.0856478214263916
16,1.0,17,34515170.30042313,0.0783898830413818
17,1.0,18,27934485.97164469,0.0928807258605957
18,1.0,19,27775182.58315531,0.0994296073913574
19,1.0,20,32259191.861198977,0.09159517288208
20,1.0,21,32309725.39871744,0.0745043754577636
21,1.0,22,29579628.36544856,0.078195571899414
22,1.0,23,31480812.816237733,0.0779449939727783
23,1.0,24,26640949.2178003,0.0983467102050781
24,1.0,25,31498922.62236898,0.0892741680145263
25,1.0,26,29908532.25180584,0.0766098499298095
26,1.0,27,31845472.72066873,0.074772834777832
27,1.0,28,29577790.53749834,0.0826921463012695
28,1.0,29,26454448.54504543,0.0867586135864257
29,1.0,30,32889474.692449465,0.0770196914672851
30,1.0,31,30392020.08633404,0.0764546394348144
31,1.0,32,31454591.582536194,0.0700347423553466
32,1.0,33,28660760.998845216,0.087106704711914
33,1.0,34,30552543.264517263,0.0826544761657714
34,1.0,35,30159700.11711361,0.0920479297637939
35,1.0,36,32538250.81405778,0.0675022602081298
36,1.0,37,30517279.73179964,0.080920934677124
37,1.0,38,33408795.97617732,0.0832622051239013
38,1.0,39,32982275.282297272,0.0806376934051513
39,1.0,40,33113342.801229697,0.0791115760803222
40,1.0,41,31862833.42226964,0.0838644504547119
41,1.0,42,31031300.471006952,0.0782797336578369
42,1.0,43,25997331.469089404,0.0787622928619384
43,1.0,44,32530531.78622963,0.0557460784912109
44,1.0,45,36390465.29317842,0.0584716796875
45,1.0,46,31039158.62705685,0.1148324012756347
46,1.0,47,30990260.72953728,0.1117613315582275
47,1.0,48,25936400.220025912,0.0989601612091064
48,1.0,49,29871507.37665592,0.0874388217926025
49,1.0,50,32138459.163684286,0.0912327766418457
50,1.0,51,31052736.95432157,0.0771911144256591
51,1.0,52,31239052.64353479,0.0755927562713623
52,1.0,53,29383206.27578352,0.0840284824371337
53,1.0,54,29033851.436677497,0.0742928981781005
54,1.0,55,27428655.792510275,0.0941159725189209
55,1.0,56,27606155.82671089,0.0867495536804199
56,1.0,57,29324625.461471625,0.0847928524017334
57,1.0,58,29692906.49544567,0.0795621871948242
58,1.0,59,32288125.447370667,0.0826401710510253
59,1.0,60,31504330.148070667,0.0933582782745361
60,1.0,61,28956286.801678147,0.0925667285919189
61,1.0,62,30700342.10959649,0.1004753112792968
62,1.0,63,29689826.658880822,0.0878863334655761
63,1.0,64,28483769.162915725,0.0815551280975341
64,1.0,65,31757117.076450065,0.0786375999450683
65,1.0,66,33114062.98869796,0.0805704593658447
66,1.0,67,33770862.27390432,0.0740320682525634
67,1.0,68,35027504.41249566,0.0670769214630127
68,1.0,69,30999862.72296443,0.0715725421905517
69,1.0,70,22963618.245122317,0.0998480319976806
70,1.0,71,32514383.230411924,0.0843939781188964
71,1.0,72,29426164.540970605,0.084444522857666
72,1.0,73,30752075.237696104,0.0785436630249023
73,1.0,74,29680435.460907925,0.0739815235137939
74,1.0,75,26966873.94260644,0.0920248031616211
75,1.0,76,28986265.668682117,0.0830588340759277
76,1.0,77,32132670.80043488,0.0792298316955566
77,1.0,78,33107327.99846018,0.0769381523132324
78,1.0,79,27517813.92274068,0.0922982692718505
79,1.0,80,30465617.796488646,0.0675384998321533
80,1.0,81,29620753.93211953,0.0849819183349609
81,1.0,82,32564828.821717065,0.0734822750091552
82,1.0,83,33276073.674639404,0.0827009677886962
83,1.0,84,30628107.943871465,0.0780210494995117
84,1.0,85,29099993.94127136,0.0752928256988525
85,1.0,86,29189467.55677689,0.0817587375640869
86,1.0,87,31662197.3287784,0.0739891529083252
87,1.0,88,28163402.997559167,0.0843465328216552
88,1.0,89,29488548.764360476,0.0787863731384277
89,1.0,90,34482719.21562403,0.0657050609588623
90,1.0,91,31147294.651151028,0.0850021839141845
91,1.0,92,28440033.023659337,0.0945403575897216
92,1.0,93,29842018.375189736,0.0869600772857666
93,1.0,94,29450458.482145887,0.0794570446014404
94,1.0,95,32676014.50864192,0.0736224651336669
95,1.0,96,32137031.643388547,0.0768258571624755
96,1.0,97,30688044.86882812,0.0904970169067382
97,1.0,98,32697620.5721532,0.08768892288208
98,1.0,99,29276289.0937016,0.081399917602539
99,1.0,100,32306369.146389145,0.07659912109375
100,0.5,1,30394110.956155777,0.0665121078491211
101,0.5,2,25111246.99779,0.0714800357818603
102,0.5,3,25821220.757421248,0.0654230117797851
103,0.5,4,28006326.396879345,0.0575759410858154
104,0.5,5,32626172.64713372,0.0562725067138671
105,0.5,6,29853017.659094192,0.0594308376312255
106,0.5,7,31193227.949754626,0.0709164142608642
107,0.5,8,33726406.755395,0.0600786209106445
108,0.5,9,30925263.26178957,0.0551121234893798
109,0.5,10,32026315.579921126,0.0481657981872558
110,0.5,11,27041271.80818208,0.0645129680633544
111,0.5,12,26103446.52120976,0.0603067874908447
112,0.5,13,29954011.57326584,0.052403450012207
113,0.5,14,30178464.054858077,0.0538179874420166
114,0.5,15,31803281.825760256,0.051872968673706
115,0.5,16,31509308.373636216,0.0557303428649902
116,0.5,17,34515170.30042324,0.0484218597412109
117,0.5,18,27934485.97164499,0.0646848678588867
118,0.5,19,27775182.58315578,0.0680632591247558
119,0.5,20,32259191.861198828,0.0591969490051269
120,0.5,21,32309725.39871751,0.0501070022583007
121,0.5,22,29579628.365448404,0.0563936233520507
122,0.5,23,31480812.81623756,0.0534877777099609
123,0.5,24,26640949.21779999,0.0568456649780273
124,0.5,25,31498922.622369032,0.0617151260375976
125,0.5,26,29908532.25180592,0.0552742481231689
126,0.5,27,31845472.720668785,0.0519111156463623
127,0.5,28,29577790.53749837,0.0612311363220214
128,0.5,29,26454448.54504529,0.0644693374633789
129,0.5,30,32889474.69244954,0.0615901947021484
130,0.5,31,30392020.08633397,0.0508472919464111
131,0.5,32,31454591.58253619,0.0539655685424804
132,0.5,33,28660760.998845324,0.0669150352478027
133,0.5,34,30552543.26451727,0.0649118423461914
134,0.5,35,30159700.11711365,0.0719156265258789
135,0.5,36,32538250.814057782,0.0548360347747802
136,0.5,37,30517279.731799506,0.0518820285797119
137,0.5,38,33408795.976177663,0.0498924255371093
138,0.5,39,32982275.282297462,0.0488595962524414
139,0.5,40,33113342.801229723,0.0461952686309814
140,0.5,41,31862833.422269505,0.0462081432342529
141,0.5,42,31031300.471007302,0.0501551628112793
142,0.5,43,25997331.469089203,0.0603363513946533
143,0.5,44,32530531.786229905,0.0557012557983398
144,0.5,45,36390465.29317859,0.0430338382720947
145,0.5,46,31039158.627056714,0.0592792034149169
146,0.5,47,30990260.729536902,0.0623183250427246
147,0.5,48,25936400.220025573,0.0536129474639892
148,0.5,49,29871507.37665647,0.0587871074676513
149,0.5,50,32138459.1636839,0.0548450946807861
150,0.5,51,31052736.95432176,0.0524632930755615
151,0.5,52,31239052.64353465,0.0472252368927001
152,0.5,53,29383206.27578321,0.0449895858764648
153,0.5,54,29033851.43667748,0.0544979572296142
154,0.5,55,27428655.79251027,0.0531105995178222
155,0.5,56,27606155.82671116,0.0646760463714599
156,0.5,57,29324625.46147161,0.0521378517150878
157,0.5,58,29692906.49544589,0.0733389854431152
158,0.5,59,32288125.447370578,0.0455191135406494
159,0.5,60,31504330.14807081,0.0541849136352539
160,0.5,61,28956286.801678635,0.0491676330566406
161,0.5,62,30700342.10959661,0.0572345256805419
162,0.5,63,29689826.658880964,0.052114725112915
163,0.5,64,28483769.1629154,0.0585863590240478
164,0.5,65,31757117.07645014,0.0481660366058349
165,0.5,66,33114062.98869802,0.0487220287322998
166,0.5,67,33770862.27390405,0.0470721721649169
167,0.5,68,35027504.412495665,0.0475943088531494
168,0.5,69,30999862.722964317,0.0469584465026855
169,0.5,70,22963618.24512258,0.0831532478332519
170,0.5,71,32514383.230411623,0.0520293712615966
171,0.5,72,29426164.54097018,0.0510711669921875
172,0.5,73,30752075.23769595,0.056032657623291
173,0.5,74,29680435.460908078,0.0552358627319335
174,0.5,75,26966873.94260629,0.0651314258575439
175,0.5,76,28986265.668682065,0.0500602722167968
176,0.5,77,32132670.800435144,0.0527200698852539
177,0.5,78,33107327.99846013,0.0510759353637695
178,0.5,79,27517813.922740728,0.0667304992675781
179,0.5,80,30465617.79648832,0.0505285263061523
180,0.5,81,29620753.932119723,0.0535261631011962
181,0.5,82,32564828.821717195,0.0459058284759521
182,0.5,83,33276073.67463956,0.047778844833374
183,0.5,84,30628107.94387153,0.0556106567382812
184,0.5,85,29099993.94127162,0.0525722503662109
185,0.5,86,29189467.55677712,0.0625762939453125
186,0.5,87,31662197.328778736,0.0521361827850341
187,0.5,88,28163402.997559156,0.0668585300445556
188,0.5,89,29488548.764360465,0.0526974201202392
189,0.5,90,34482719.21562396,0.0488436222076416
190,0.5,91,31147294.651151072,0.0541791915893554
191,0.5,92,28440033.023659203,0.0701100826263427
192,0.5,93,29842018.37518982,0.060945987701416
193,0.5,94,29450458.482145824,0.0645298957824707
194,0.5,95,32676014.50864155,0.0597732067108154
195,0.5,96,32137031.64338865,0.0594203472137451
196,0.5,97,30688044.868828304,0.0545413494110107
197,0.5,98,32697620.57215348,0.0560293197631835
198,0.5,99,29276289.093701657,0.0477707386016845
199,0.5,100,32306369.14638931,0.0516664981842041
200,0.2,1,30394578.161404528,0.0521214008331298
201,0.2,2,25111246.997790053,0.0418260097503662
202,0.2,3,25821220.75742115,0.0422818660736084
203,0.2,4,28006326.396879174,0.0398716926574707
204,0.2,5,32626172.647133756,0.0355880260467529
205,0.2,6,29853017.659094226,0.0410671234130859
206,0.2,7,31193227.94975459,0.0430102348327636
207,0.2,8,33741612.4909098,0.0325188636779785
208,0.2,9,30925263.26178969,0.0404629707336425
209,0.2,10,32026315.5799211,0.0388202667236328
210,0.2,11,27041271.808182128,0.0446329116821289
211,0.2,12,26110193.22755273,0.052718162536621
212,0.2,13,29954011.573266026,0.0497519969940185
213,0.2,14,30179436.84884529,0.0393848419189453
214,0.2,15,31803281.825760435,0.0366232395172119
215,0.2,16,31509611.016210187,0.0456993579864501
216,0.2,17,34515261.47219521,0.0317246913909912
217,0.2,18,27934485.971644845,0.0504674911499023
218,0.2,19,27775182.58315565,0.0453882217407226
219,0.2,20,32259191.861198887,0.0407080650329589
220,0.2,21,32309725.398717534,0.0401291847229003
221,0.2,22,29579628.365448456,0.0442018508911132
222,0.2,23,31480848.8526138,0.0332701206207275
223,0.2,24,26641780.83852133,0.0410680770874023
224,0.2,25,31498922.622369047,0.0489623546600341
225,0.2,26,29908532.251805983,0.0383167266845703
226,0.2,27,31845472.72066881,0.0345737934112548
227,0.2,28,29577943.090063404,0.0451974868774414
228,0.2,29,26454719.919747125,0.0411956310272216
229,0.2,30,32890692.243395925,0.0395867824554443
230,0.2,31,30392020.086334024,0.042853832244873
231,0.2,32,31486640.14033714,0.0442485809326171
232,0.2,33,28660760.9988454,0.0433101654052734
233,0.2,34,30553862.29711772,0.0505046844482421
234,0.2,35,30159700.11711364,0.0450897216796875
235,0.2,36,32561037.33201515,0.0485124588012695
236,0.2,37,30517283.310068112,0.0379455089569091
237,0.2,38,33408795.97617772,0.0470585823059082
238,0.2,39,32983973.92509826,0.0429217815399169
239,0.2,40,33113342.80122956,0.0352535247802734
240,0.2,41,31862833.42226928,0.0420663356781005
241,0.2,42,31031544.95158557,0.0455260276794433
242,0.2,43,25997331.469089396,0.0502002239227294
243,0.2,44,32559807.766703527,0.040919542312622
244,0.2,45,36499409.34492737,0.0438408851623535
245,0.2,46,31039414.05157021,0.0389673709869384
246,0.2,47,31016762.675869796,0.0498385429382324
247,0.2,48,25936400.220025606,0.0497174263000488
248,0.2,49,29871507.37665638,0.0454962253570556
249,0.2,50,32143676.637637123,0.0440287590026855
250,0.2,51,31052736.954321727,0.0416469573974609
251,0.2,52,31399197.343598228,0.0420305728912353
252,0.2,53,29416588.849037588,0.0343477725982666
253,0.2,54,29033851.43667739,0.0366737842559814
254,0.2,55,27428655.79251028,0.0445389747619628
255,0.2,56,27606155.826711185,0.0392291545867919
256,0.2,57,29324625.461471666,0.0363373756408691
257,0.2,58,29692942.79831375,0.0436570644378662
258,0.2,59,32288606.81896669,0.0377328395843505
259,0.2,60,31537684.827567067,0.0459170341491699
260,0.2,61,28956286.801678468,0.036489725112915
261,0.2,62,30705243.0902548,0.0395135879516601
262,0.2,63,29689847.58199682,0.03812837600708
263,0.2,64,28489694.478615157,0.0439729690551757
264,0.2,65,31757117.07645025,0.0340750217437744
265,0.2,66,33114062.98869799,0.0347664356231689
266,0.2,67,33776935.500050135,0.0401217937469482
267,0.2,68,35027504.41249563,0.0386042594909668
268,0.2,69,30999862.7229644,0.0420935153961181
269,0.2,70,22963618.24512258,0.055140733718872
270,0.2,71,32514383.230411872,0.0359382629394531
271,0.2,72,29426164.540970385,0.0462651252746582
272,0.2,73,30752075.23769615,0.051844835281372
273,0.2,74,29680435.46090802,0.0493056774139404
274,0.2,75,26966873.94260637,0.041748046875
275,0.2,76,28986265.668682065,0.043900728225708
276,0.2,77,32133790.54020586,0.0370345115661621
277,0.2,78,33147705.989371657,0.0447471141815185
278,0.2,79,27520705.77682889,0.0552377700805664
279,0.2,80,30465617.79648829,0.0390887260437011
280,0.2,81,29620753.932119545,0.0454449653625488
281,0.2,82,32565266.026367053,0.0417501926422119
282,0.2,83,33316053.33948193,0.0318236351013183
283,0.2,84,30631012.986985568,0.0339138507843017
284,0.2,85,29099993.94127152,0.0472676753997802
285,0.2,86,29189467.55677708,0.0354230403900146
286,0.2,87,31674513.52678606,0.0350275039672851
287,0.2,88,28222559.619362094,0.0458247661590576
288,0.2,89,29489711.027327385,0.0335104465484619
289,0.2,90,34482719.215624064,0.0294852256774902
290,0.2,91,31147422.92467963,0.0484449863433837
291,0.2,92,28440033.023659192,0.052234411239624
292,0.2,93,29858384.666520525,0.04121994972229
293,0.2,94,29450458.48214584,0.0535900592803955
294,0.2,95,32676014.508641686,0.039851427078247
295,0.2,96,32137031.64338863,0.0369536876678466
296,0.2,97,30688044.868828364,0.046628713607788
297,0.2,98,32697620.572153427,0.0389761924743652
298,0.2,99,29277189.763242822,0.035186767578125
299,0.2,100,32307277.01323899,0.0373330116271972
300,0.1,1,30394578.161404543,0.0429849624633789
301,0.1,2,25111246.997790053,0.0414638519287109
302,0.1,3,25821220.757421125,0.0361261367797851
303,0.1,4,28006326.39687924,0.036940574645996
304,0.1,5,32626172.64713376,0.0281579494476318
305,0.1,6,29853017.65909424,0.0326044559478759
306,0.1,7,31193227.9497546,0.0436434745788574
307,0.1,8,33741612.490909815,0.0321631431579589
308,0.1,9,30925263.261789672,0.0296201705932617
309,0.1,10,32026315.579921097,0.0295259952545166
310,0.1,11,27041271.80818215,0.0385420322418212
311,0.1,12,26110193.22755269,0.0414619445800781
312,0.1,13,29954011.573266044,0.0310733318328857
313,0.1,14,30179436.848845266,0.0445587635040283
314,0.1,15,31803281.82576045,0.0401957035064697
315,0.1,16,31509611.01621006,0.0379683971405029
316,0.1,17,34515261.47219517,0.0338046550750732
317,0.1,18,27934485.97164485,0.033790111541748
318,0.1,19,27775182.583155643,0.0404243469238281
319,0.1,20,32259191.86119891,0.037107229232788
320,0.1,21,32309725.39871756,0.0382490158081054
321,0.1,22,29579628.36544847,0.0264909267425537
322,0.1,23,31480848.85261383,0.0290729999542236
323,0.1,24,26641780.838521373,0.0302903652191162
324,0.1,25,31498922.62236905,0.0334010124206543
325,0.1,26,29908532.25180589,0.0386803150177001
326,0.1,27,31845472.72066886,0.0285604000091552
327,0.1,28,29577943.09006336,0.034703254699707
328,0.1,29,26454719.91974712,0.0502064228057861
329,0.1,30,32890692.243395995,0.0399239063262939
330,0.1,31,30392020.086334057,0.0322897434234619
331,0.1,32,31486640.140337072,0.0447802543640136
332,0.1,33,28660760.998845343,0.0360743999481201
333,0.1,34,30553862.297117632,0.0445854663848876
334,0.1,35,30159700.11711366,0.0403871536254882
335,0.1,36,32561037.33201515,0.0304198265075683
336,0.1,37,30517283.31006812,0.0344817638397216
337,0.1,38,33408795.976177678,0.0412943363189697
338,0.1,39,32983973.925098285,0.0299100875854492
339,0.1,40,33113342.80122953,0.031987190246582
340,0.1,41,31862833.42226936,0.0294787883758544
341,0.1,42,31031544.95158558,0.0337893962860107
342,0.1,43,25997331.469089407,0.0481634140014648
343,0.1,44,32559807.76670349,0.0321643352508544
344,0.1,45,36499409.34492733,0.0288567543029785
345,0.1,46,31039414.05157023,0.0363390445709228
346,0.1,47,31016762.67586979,0.0406570434570312
347,0.1,48,25936400.22002564,0.0392508506774902
348,0.1,49,29871507.37665636,0.0377826690673828
349,0.1,50,32143676.63763725,0.0499138832092285
350,0.1,51,31052736.95432174,0.0377700328826904
351,0.1,52,31399197.343598265,0.0350725650787353
352,0.1,53,29416588.84903768,0.0418698787689209
353,0.1,54,29033851.436677396,0.038001537322998
354,0.1,55,27428655.79251028,0.0375227928161621
355,0.1,56,27606155.826711155,0.0350303649902343
356,0.1,57,29324625.46147172,0.0439796447753906
357,0.1,58,29692942.798313715,0.0315146446228027
358,0.1,59,32288606.81896676,0.028296947479248
359,0.1,60,31537684.827567115,0.0314764976501464
360,0.1,61,28956286.801678453,0.0292527675628662
361,0.1,62,30705243.090254787,0.0355641841888427
362,0.1,63,29689847.581996795,0.0307228565216064
363,0.1,64,28489694.478615176,0.0339534282684326
364,0.1,65,31757117.076450303,0.0349421501159668
365,0.1,66,33114062.98869804,0.0297691822052001
366,0.1,67,33776935.50005016,0.0249669551849365
367,0.1,68,35027504.41249566,0.0350892543792724
368,0.1,69,30999862.72296441,0.0262987613677978
369,0.1,70,22963618.24512255,0.0387444496154785
370,0.1,71,32514383.23041188,0.0329315662384033
371,0.1,72,29426164.540970333,0.0286753177642822
372,0.1,73,30752075.23769613,0.0302653312683105
373,0.1,74,29680435.460908078,0.0306296348571777
374,0.1,75,26966873.94260635,0.0358450412750244
375,0.1,76,28986265.668682016,0.0415477752685546
376,0.1,77,32133790.540205877,0.0290277004241943
377,0.1,78,33147705.989371806,0.0313446521759033
378,0.1,79,27520705.776828915,0.0355067253112793
379,0.1,80,30465617.7964883,0.0326678752899169
380,0.1,81,29620753.932119537,0.0386652946472168
381,0.1,82,32565266.02636702,0.0307583808898925
382,0.1,83,33316053.33948193,0.0383574962615966
383,0.1,84,30631012.98698552,0.0287830829620361
384,0.1,85,29099993.941271547,0.0260348320007324
385,0.1,86,29189467.55677695,0.0434486865997314
386,0.1,87,31674513.52678608,0.0326159000396728
387,0.1,88,28222559.61936212,0.0382781028747558
388,0.1,89,29489711.027327407,0.0298480987548828
389,0.1,90,34482719.215624,0.0308003425598144
390,0.1,91,31147422.924679626,0.0332109928131103
391,0.1,92,28440033.02365916,0.0335183143615722
392,0.1,93,29858384.666520603,0.0409204959869384
393,0.1,94,29450458.48214578,0.0364844799041748
394,0.1,95,32676014.5086416,0.0273723602294921
395,0.1,96,32137031.64338861,0.0266087055206298
396,0.1,97,30688044.86882835,0.0338664054870605
397,0.1,98,32697620.5721534,0.031430959701538
398,0.1,99,29277189.763242874,0.0341780185699462
399,0.1,100,32307277.013239045,0.0295863151550292
400,0.05,1,30575531.40321613,0.0414650440216064
401,0.05,2,25288007.528503794,0.0373201370239257
402,0.05,3,26024427.58337172,0.0427949428558349
403,0.05,4,28006362.181292266,0.0295541286468505
404,0.05,5,32674199.461442027,0.0319859981536865
405,0.05,6,29855361.662343077,0.0271146297454834
406,0.05,7,31222099.512248643,0.0288505554199218
407,0.05,8,33799776.91728115,0.0304529666900634
408,0.05,9,30927553.4337165,0.0287451744079589
409,0.05,10,32030071.005542964,0.0281925201416015
410,0.05,11,27041271.808182165,0.0273880958557128
411,0.05,12,26295986.48610306,0.0347938537597656
412,0.05,13,29954347.55009228,0.0256862640380859
413,0.05,14,30179436.84884525,0.0301270484924316
414,0.05,15,31803281.825760443,0.0260438919067382
415,0.05,16,31513051.048895538,0.0332667827606201
416,0.05,17,34595912.52333121,0.0253200531005859
417,0.05,18,27934485.971644845,0.0377390384674072
418,0.05,19,27780117.92687504,0.037635326385498
419,0.05,20,32259474.172629688,0.0358800888061523
420,0.05,21,32451617.16165956,0.02313232421875
421,0.05,22,29582817.28418576,0.0377774238586425
422,0.05,23,31483723.03017334,0.0369753837585449
423,0.05,24,26659186.645068116,0.0339605808258056
424,0.05,25,31533344.324919265,0.026179552078247
425,0.05,26,29957013.917627662,0.0339436531066894
426,0.05,27,31845472.72066883,0.0258665084838867
427,0.05,28,29578016.917181663,0.0388531684875488
428,0.05,29,26454719.91974714,0.029355764389038
429,0.05,30,33033670.52716432,0.0236222743988037
430,0.05,31,30392342.177321024,0.0289151668548584
431,0.05,32,31578656.099886604,0.0328361988067626
432,0.05,33,28663814.142882075,0.0311551094055175
433,0.05,34,30553862.297117632,0.040518045425415
434,0.05,35,30219961.355237786,0.0314216613769531
435,0.05,36,32561037.332015168,0.0356876850128173
436,0.05,37,30523371.587364584,0.0293822288513183
437,0.05,38,33410766.774443302,0.036686897277832
438,0.05,39,32983973.925098248,0.0382208824157714
439,0.05,40,33179144.36680101,0.0296778678894042
440,0.05,41,31862833.422269378,0.0292401313781738
441,0.05,42,31031544.951585557,0.0278003215789794
442,0.05,43,26008634.07848184,0.0319826602935791
443,0.05,44,32587596.77502503,0.0304696559906005
444,0.05,45,36518859.379001625,0.0375173091888427
445,0.05,46,31138731.31817752,0.0398521423339843
446,0.05,47,31105073.22351616,0.041473388671875
447,0.05,48,25940971.98850478,0.0366377830505371
448,0.05,49,30146283.828172795,0.030240774154663
449,0.05,50,32332455.720797542,0.0318207740783691
450,0.05,51,31052752.94125348,0.0280537605285644
451,0.05,52,31399197.343598247,0.0306415557861328
452,0.05,53,29447064.295791104,0.0292530059814453
453,0.05,54,29034311.68565024,0.0340361595153808
454,0.05,55,27430477.561056763,0.0424365997314453
455,0.05,56,27606202.35242301,0.0378682613372802
456,0.05,57,29325916.79351393,0.039076805114746
457,0.05,58,29704931.546084307,0.0293047428131103
458,0.05,59,32295101.750052694,0.0226216316223144
459,0.05,60,31538488.724561576,0.0257582664489746
460,0.05,61,28959647.097584188,0.0305845737457275
461,0.05,62,30707087.92546923,0.0285074710845947
462,0.05,63,29943371.32863139,0.0289218425750732
463,0.05,64,28515728.437588528,0.0328736305236816
464,0.05,65,31757117.076450277,0.0239498615264892
465,0.05,66,33114062.988698047,0.026595115661621
466,0.05,67,34164042.56594018,0.0306706428527832
467,0.05,68,35027504.412495665,0.0369713306427001
468,0.05,69,31002119.542036023,0.0308413505554199
469,0.05,70,23033766.77416477,0.0280458927154541
470,0.05,71,32648427.407981403,0.0220339298248291
471,0.05,72,29426164.54097032,0.0286502838134765
472,0.05,73,30752075.237696137,0.037238597869873
473,0.05,74,29680696.00232072,0.0344681739807128
474,0.05,75,27126554.816418592,0.0421078205108642
475,0.05,76,28986333.1941657,0.0372753143310546
476,0.05,77,32133958.349534005,0.0352046489715576
477,0.05,78,33151059.806152217,0.0370194911956787
478,0.05,79,27520705.776828915,0.0362851619720459
479,0.05,80,30483977.388047986,0.0309915542602539
480,0.05,81,30137601.276015256,0.0333023071289062
481,0.05,82,32592003.02314001,0.0242853164672851
482,0.05,83,33338061.18355914,0.0249021053314209
483,0.05,84,30641904.93057251,0.0302419662475585
484,0.05,85,29099993.94127151,0.0251522064208984
485,0.05,86,29226786.3019586,0.0281264781951904
486,0.05,87,31742000.472530283,0.0343513488769531
487,0.05,88,28255319.63916049,0.0373909473419189
488,0.05,89,29495157.131815985,0.033771276473999
489,0.05,90,34518118.245638214,0.0316505432128906
490,0.05,91,31172318.627452403,0.0335135459899902
491,0.05,92,28444585.41022998,0.0325229167938232
492,0.05,93,30054541.111516517,0.0417165756225585
493,0.05,94,29450822.951655906,0.0394244194030761
494,0.05,95,32678194.49037157,0.033341646194458
495,0.05,96,32220911.39962107,0.0304579734802246
496,0.05,97,30688044.868828345,0.0360050201416015
497,0.05,98,32743307.065912805,0.034555435180664
498,0.05,99,29277189.763242844,0.0274667739868164
499,0.05,100,32387122.694642898,0.0273811817169189
500,0.02,1,30575531.40321613,0.033482551574707
501,0.02,2,25288007.528503787,0.0270326137542724
502,0.02,3,26024427.58337172,0.0235178470611572
503,0.02,4,28006362.18129225,0.0268070697784423
504,0.02,5,32674199.46144204,0.0315864086151123
505,0.02,6,30404193.80928757,0.0350985527038574
506,0.02,7,31279892.81098416,0.0353584289550781
507,0.02,8,33857085.21481745,0.024691104888916
508,0.02,9,31014632.1319166,0.033998966217041
509,0.02,10,32157451.935851797,0.0303907394409179
510,0.02,11,27041271.80818217,0.0317282676696777
511,0.02,12,26304491.81942236,0.036060094833374
512,0.02,13,29954347.550092272,0.033449649810791
513,0.02,14,30295668.200520765,0.0361766815185546
514,0.02,15,31803281.825760443,0.0255770683288574
515,0.02,16,31513051.04889553,0.0254373550415039
516,0.02,17,34732531.35036852,0.0293107032775878
517,0.02,18,27938025.71247188,0.0303337574005126
518,0.02,19,27780117.926875032,0.0281836986541748
519,0.02,20,32876238.998535234,0.0254054069519042
520,0.02,21,32451617.161659542,0.0267112255096435
521,0.02,22,29582817.284185763,0.0263857841491699
522,0.02,23,31483723.03017335,0.0277597904205322
523,0.02,24,26660339.76174535,0.029632568359375
524,0.02,25,31533737.958450265,0.0381224155426025
525,0.02,26,29965728.51004878,0.0306215286254882
526,0.02,27,32289845.067839403,0.0297517776489257
527,0.02,28,29737749.246728536,0.0392913818359375
528,0.02,29,26802626.509497978,0.0324592590332031
529,0.02,30,33049185.72242901,0.027681827545166
530,0.02,31,30392342.177321028,0.0307109355926513
531,0.02,32,31578656.099886607,0.0285887718200683
532,0.02,33,29093681.981895413,0.0370962619781494
533,0.02,34,30763839.225089192,0.0329406261444091
534,0.02,35,30219961.35523779,0.0371599197387695
535,0.02,36,32561037.33201516,0.0395138263702392
536,0.02,37,30539646.060450457,0.0269675254821777
537,0.02,38,33468766.354552187,0.0324227809906005
538,0.02,39,33767948.074482806,0.0314764976501464
539,0.02,40,33179144.366801,0.036055564880371
540,0.02,41,31873371.07463241,0.0341625213623046
541,0.02,42,31173491.816843864,0.0323383808135986
542,0.02,43,26067292.875443306,0.0413293838500976
543,0.02,44,32587596.775025,0.0374858379364013
544,0.02,45,36518859.379001625,0.0353646278381347
545,0.02,46,31138731.31817753,0.0320053100585937
546,0.02,47,31105073.223516177,0.0264904499053955
547,0.02,48,25940971.988504797,0.0262250900268554
548,0.02,49,30174902.67270337,0.0328600406646728
549,0.02,50,32332455.72079753,0.0433361530303955
550,0.02,51,31052752.94125348,0.0292048454284667
551,0.02,52,31405603.770004448,0.025162935256958
552,0.02,53,29447064.2957911,0.0300328731536865
553,0.02,54,29034572.233625863,0.0339503288269043
554,0.02,55,27440927.80987829,0.0300607681274414
555,0.02,56,27606202.35242302,0.0304348468780517
556,0.02,57,29519966.533446904,0.0355541706085205
557,0.02,58,29705093.236283783,0.037024974822998
558,0.02,59,32295101.75005269,0.0367505550384521
559,0.02,60,31555739.98397098,0.0297915935516357
560,0.02,61,28959647.097584184,0.0334806442260742
561,0.02,62,30708902.108090013,0.0314841270446777
562,0.02,63,30089673.94561424,0.0276436805725097
563,0.02,64,28526322.74727005,0.0320997238159179
564,0.02,65,31757117.07645028,0.0354325771331787
565,0.02,66,33114062.988698035,0.0265810489654541
566,0.02,67,34164042.56594019,0.0273659229278564
567,0.02,68,35116757.957062945,0.0209832191467285
568,0.02,69,31002119.54203602,0.0251872539520263
569,0.02,70,23033766.77416477,0.0485520362854003
570,0.02,71,32648427.407981407,0.0241320133209228
571,0.02,72,29426164.54097032,0.029595136642456
572,0.02,73,31158150.042392567,0.0363194942474365
573,0.02,74,29680696.002320714,0.0343008041381835
574,0.02,75,27126554.81641859,0.0341827869415283
575,0.02,76,28987901.73437308,0.0340521335601806
576,0.02,77,32217637.08217742,0.0327765941619873
577,0.02,78,33151059.806152195,0.0356523990631103
578,0.02,79,28147707.396535512,0.0340766906738281
579,0.02,80,30483977.388047952,0.0286998748779296
580,0.02,81,30139930.414526917,0.0322346687316894
581,0.02,82,32832006.19358081,0.025918960571289
582,0.02,83,33732674.827854246,0.0253670215606689
583,0.02,84,31114092.941134334,0.0235078334808349
584,0.02,85,29099993.94127152,0.0297796726226806
585,0.02,86,29237846.4919823,0.0409338474273681
586,0.02,87,31742000.47253028,0.0302379131317138
587,0.02,88,28255319.6391605,0.040419578552246
588,0.02,89,30316639.139266506,0.0297598838806152
589,0.02,90,34518118.24563821,0.0231850147247314
590,0.02,91,31319623.71579835,0.027919054031372
591,0.02,92,28444585.41022998,0.0250484943389892
592,0.02,93,30304269.50186483,0.0339961051940918
593,0.02,94,29703281.28801047,0.0239052772521972
594,0.02,95,32678194.490371592,0.0209736824035644
595,0.02,96,32220911.39962107,0.0203895568847656
596,0.02,97,31401354.779586155,0.0239362716674804
597,0.02,98,32757284.820586026,0.0271341800689697
598,0.02,99,29284290.694054,0.0231845378875732
599,0.02,100,32387122.69464289,0.0205750465393066
600,0.01,1,30915131.92588209,0.0371756553649902
601,0.01,2,26146335.784866303,0.0357527732849121
602,0.01,3,27122492.90975547,0.0285086631774902
603,0.01,4,28414340.80871157,0.0322606563568115
604,0.01,5,33490538.12377012,0.0294692516326904
605,0.01,6,30745903.77983121,0.0261838436126709
606,0.01,7,31287671.80998056,0.0269405841827392
607,0.01,8,33878992.74394745,0.0313901901245117
608,0.01,9,31378908.342711803,0.029717206954956
609,0.01,10,32539298.631035864,0.0265607833862304
610,0.01,11,27660965.957925104,0.0292754173278808
611,0.01,12,26629549.247089848,0.0346424579620361
612,0.01,13,30679231.29181024,0.0234837532043457
613,0.01,14,31119880.494210716,0.0261056423187255
614,0.01,15,33134581.2018348,0.0327563285827636
615,0.01,16,31523081.57255341,0.0278031826019287
616,0.01,17,34736191.77418241,0.0267844200134277
617,0.01,18,27982889.943424176,0.030545949935913
618,0.01,19,28264129.69457104,0.0296137332916259
619,0.01,20,32927789.127347905,0.0323607921600341
620,0.01,21,32893328.144856103,0.0323245525360107
621,0.01,22,29999757.3718359,0.0257275104522705
622,0.01,23,31650072.903218266,0.0328202247619628
623,0.01,24,27141015.61102688,0.0344040393829345
624,0.01,25,32553347.455229446,0.0321700572967529
625,0.01,26,29966473.277343057,0.0299685001373291
626,0.01,27,32437463.281424005,0.0280675888061523
627,0.01,28,30886886.115452196,0.0302143096923828
628,0.01,29,27021183.61005444,0.0328118801116943
629,0.01,30,33517431.60458389,0.0243494510650634
630,0.01,31,30895571.713861056,0.0273499488830566
631,0.01,32,31594583.153219603,0.0359251499176025
632,0.01,33,29113087.587099213,0.0257167816162109
633,0.01,34,32483034.22499201,0.0222241878509521
634,0.01,35,31236814.45192595,0.0238616466522216
635,0.01,36,33182424.87187467,0.035264253616333
636,0.01,37,30539646.06045045,0.024198293685913
637,0.01,38,34172846.00696806,0.027306318283081
638,0.01,39,34158145.77358941,0.02406907081604
639,0.01,40,33182301.93345737,0.0303924083709716
640,0.01,41,31979163.16451072,0.0314793586730957
641,0.01,42,31774585.299084745,0.0331158638000488
642,0.01,43,26156579.54404524,0.0329325199127197
643,0.01,44,32692694.32387357,0.0283067226409912
644,0.01,45,36689301.59331867,0.0290648937225341
645,0.01,46,31599486.325430702,0.0290462970733642
646,0.01,47,31109787.53165916,0.0294337272644042
647,0.01,48,26147106.6192449,0.0325758457183837
648,0.01,49,31761650.2944655,0.0312607288360595
649,0.01,50,33015533.35059565,0.0406200885772705
650,0.01,51,31835915.665014558,0.0289459228515625
651,0.01,52,31496432.162482265,0.028184175491333
652,0.01,53,29915289.662235036,0.0298154354095459
653,0.01,54,29714711.56958497,0.0256092548370361
654,0.01,55,28007606.881428264,0.0459578037261962
655,0.01,56,28211493.5412944,0.0355727672576904
656,0.01,57,29668243.859243643,0.0293941497802734
657,0.01,58,29779283.826376103,0.0351119041442871
658,0.01,59,33560965.50821792,0.0328922271728515
659,0.01,60,32258469.43506713,0.0300331115722656
660,0.01,61,29139320.757939026,0.0294489860534667
661,0.01,62,31128117.862434667,0.0285861492156982
662,0.01,63,31807168.03305414,0.0295121669769287
663,0.01,64,28600033.48824749,0.0361509323120117
664,0.01,65,32233844.563864317,0.02980637550354
665,0.01,66,33899958.04886758,0.0314648151397705
666,0.01,67,34208851.35421153,0.0265460014343261
667,0.01,68,35120674.42858464,0.0278222560882568
668,0.01,69,31130724.68120213,0.0306644439697265
669,0.01,70,24137702.31581517,0.0343589782714843
670,0.01,71,33261383.62494783,0.0229825973510742
671,0.01,72,29810877.6997136,0.0305545330047607
672,0.01,73,31529212.605331063,0.0263631343841552
673,0.01,74,30302248.58502965,0.0214183330535888
674,0.01,75,27411916.37690762,0.0250625610351562
675,0.01,76,29644904.595955208,0.0296118259429931
676,0.01,77,32769794.447395597,0.0221450328826904
677,0.01,78,33369965.76534368,0.0250947475433349
678,0.01,79,28341016.195338555,0.0277106761932373
679,0.01,80,30954698.443733063,0.0270707607269287
680,0.01,81,30339001.942267124,0.028327465057373
681,0.01,82,33594036.35322354,0.0303552150726318
682,0.01,83,34437286.25228171,0.0246267318725585
683,0.01,84,31382591.37296343,0.0312530994415283
684,0.01,85,29099993.94127153,0.0308465957641601
685,0.01,86,29772364.57190388,0.0370888710021972
686,0.01,87,32028609.64934642,0.0331811904907226
687,0.01,88,29616094.022556245,0.0362567901611328
688,0.01,89,30513895.65361541,0.0239205360412597
689,0.01,90,34634300.77037384,0.0245332717895507
690,0.01,91,31426811.673748348,0.0263559818267822
691,0.01,92,29070947.45114553,0.0372729301452636
692,0.01,93,31143269.375986315,0.0307018756866455
693,0.01,94,29977180.121264145,0.0351710319519043
694,0.01,95,33407017.427216426,0.0326650142669677
695,0.01,96,33226411.222970743,0.0289919376373291
696,0.01,97,31728235.712561414,0.0269796848297119
697,0.01,98,33095073.211726677,0.0296347141265869
698,0.01,99,30996661.73441631,0.0241668224334716
699,0.01,100,32409995.449018206,0.0302109718322753
700,0.005,1,31423793.72625118,0.031097412109375
701,0.005,2,26146335.7848663,0.0283803939819335
702,0.005,3,27334073.021646,0.0230863094329834
703,0.005,4,28775969.80209815,0.0209202766418457
704,0.005,5,33490538.12377012,0.0243074893951416
705,0.005,6,30745903.779831205,0.0242214202880859
706,0.005,7,32582795.756221563,0.0226633548736572
707,0.005,8,33878992.74394745,0.0233221054077148
708,0.005,9,31677512.06429996,0.0226039886474609
709,0.005,10,32574269.606170107,0.0232057571411132
710,0.005,11,28146103.635875106,0.0262839794158935
711,0.005,12,26894670.540455163,0.0256545543670654
712,0.005,13,30735306.542701416,0.0211181640625
713,0.005,14,31316559.35043516,0.0222389698028564
714,0.005,15,33139871.99403385,0.0272402763366699
715,0.005,16,31833199.43015699,0.0285174846649169
716,0.005,17,35413261.339317754,0.0236427783966064
717,0.005,18,28470323.77445541,0.0238184928894042
718,0.005,19,28697079.985092063,0.0252609252929687
719,0.005,20,32957025.89515753,0.0280072689056396
720,0.005,21,33507999.409314737,0.026782751083374
721,0.005,22,30556511.10902036,0.0249218940734863
722,0.005,23,31695971.58655249,0.0242512226104736
723,0.005,24,28627962.470068727,0.0263707637786865
724,0.005,25,32553347.455229454,0.0317671298980712
725,0.005,26,29972380.28428991,0.0291464328765869
726,0.005,27,32437463.281424005,0.0283222198486328
727,0.005,28,32298730.69219994,0.0277483463287353
728,0.005,29,27117273.92709807,0.0331971645355224
729,0.005,30,33883251.2467671,0.0331048965454101
730,0.005,31,31700591.04198839,0.0303583145141601
731,0.005,32,31974948.4681853,0.0283713340759277
732,0.005,33,29192970.237893023,0.0364282131195068
733,0.005,34,33289470.20048712,0.0282764434814453
734,0.005,35,31360508.16157855,0.0279717445373535
735,0.005,36,35073688.20367584,0.0244412422180175
736,0.005,37,31092187.685817152,0.0273902416229248
737,0.005,38,35127798.7620593,0.029252290725708
738,0.005,39,34158145.77358941,0.0265607833862304
739,0.005,40,33486146.74392658,0.0261292457580566
740,0.005,41,32914213.66012465,0.0273983478546142
741,0.005,42,31963160.795116305,0.0258526802062988
742,0.005,43,26191614.011284556,0.033785343170166
743,0.005,44,32692694.32387357,0.0283915996551513
744,0.005,45,36863371.349697866,0.0306885242462158
745,0.005,46,31852593.41661895,0.0266799926757812
746,0.005,47,31187229.026579123,0.0303351879119873
747,0.005,48,26752414.10388842,0.0313196182250976
748,0.005,49,31762379.622465555,0.0290548801422119
749,0.005,50,33565825.89192489,0.030231237411499
750,0.005,51,32366320.18472781,0.0302269458770751
751,0.005,52,31661762.768146627,0.0308640003204345
752,0.005,53,30390289.48831721,0.0288422107696533
753,0.005,54,31138114.9199137,0.0268628597259521
754,0.005,55,28437676.85724232,0.0346789360046386
755,0.005,56,28607495.97243642,0.0389907360076904
756,0.005,57,29668243.859243643,0.034663438796997
757,0.005,58,30869757.50611313,0.0264256000518798
758,0.005,59,33976295.22257997,0.0288023948669433
759,0.005,60,32258469.43506713,0.0310151576995849
760,0.005,61,29139320.75793903,0.0246844291687011
761,0.005,62,31351653.590073768,0.0257637500762939
762,0.005,63,31832997.55915783,0.0253231525421142
763,0.005,64,29071264.368251253,0.0239999294281005
764,0.005,65,32233844.56386431,0.0230536460876464
765,0.005,66,34187070.82709782,0.0231587886810302
766,0.005,67,34409866.12512928,0.0230803489685058
767,0.005,68,35242466.44159578,0.0239815711975097
768,0.005,69,31294013.605203696,0.0267369747161865
769,0.005,70,24337470.349050816,0.0296003818511962
770,0.005,71,33593792.83198227,0.024144172668457
771,0.005,72,29810877.6997136,0.0258848667144775
772,0.005,73,31886546.4483336,0.0449495315551757
773,0.005,74,30510881.07885665,0.0306956768035888
774,0.005,75,27440503.472165205,0.0284285545349121
775,0.005,76,30169287.15468822,0.0331275463104248
776,0.005,77,32784070.191918995,0.0242848396301269
777,0.005,78,33586720.964456506,0.0360932350158691
778,0.005,79,28440329.76143835,0.0332589149475097
779,0.005,80,31674564.26892503,0.0348472595214843
780,0.005,81,31096646.436041545,0.0296971797943115
781,0.005,82,33612584.63768619,0.0287785530090332
782,0.005,83,34816159.34308277,0.029494285583496
783,0.005,84,31382591.372963425,0.0321066379547119
784,0.005,85,29215149.864533864,0.0265467166900634
785,0.005,86,30607968.972067486,0.0296688079833984
786,0.005,87,32028609.649346422,0.0289995670318603
787,0.005,88,29627333.338225465,0.0303230285644531
788,0.005,89,31262445.594899632,0.0280027389526367
789,0.005,90,35602786.91778341,0.0313947200775146
790,0.005,91,31496432.774309587,0.0331439971923828
791,0.005,92,29957697.79402712,0.0342428684234619
792,0.005,93,31433361.011862867,0.0351266860961914
793,0.005,94,30205085.755705424,0.0350408554077148
794,0.005,95,33474951.53231186,0.0311834812164306
795,0.005,96,34568148.87768798,0.0306448936462402
796,0.005,97,33167286.583528653,0.030348777770996
797,0.005,98,33731580.14877128,0.0287466049194335
798,0.005,99,32051807.414805166,0.0307898521423339
799,0.005,100,32522618.489744272,0.0276434421539306
800,0.002,1,32038965.039814554,0.0335097312927246
801,0.002,2,26733024.27217796,0.0329318046569824
802,0.002,3,29479324.268600605,0.0294146537780761
803,0.002,4,29470512.722802527,0.0251801013946533
804,0.002,5,36708092.39516891,0.0282411575317382
805,0.002,6,31862024.817204323,0.0276107788085937
806,0.002,7,35210451.965981364,0.0257258415222167
807,0.002,8,35449701.32519918,0.0322098731994628
808,0.002,9,32198336.201485302,0.0282821655273437
809,0.002,10,34314128.783918254,0.0279963016510009
810,0.002,11,32247791.333482902,0.0248839855194091
811,0.002,12,27566231.139738623,0.0294079780578613
812,0.002,13,32696286.09281804,0.0262284278869628
813,0.002,14,34352144.841704525,0.0240767002105712
814,0.002,15,34833675.96564458,0.0217735767364501
815,0.002,16,32891578.31142705,0.0272142887115478
816,0.002,17,35490264.74403601,0.0249018669128417
817,0.002,18,31298030.19997812,0.0275120735168457
818,0.002,19,30107269.820031907,0.0265338420867919
819,0.002,20,34667534.38607341,0.0216174125671386
820,0.002,21,34152308.51471523,0.0208597183227539
821,0.002,22,33010177.14515759,0.0238654613494873
822,0.002,23,34716448.07645656,0.0276482105255126
823,0.002,24,29573891.752089728,0.026745319366455
824,0.002,25,33353408.058031403,0.0207617282867431
825,0.002,26,31743521.43538448,0.0216636657714843
826,0.002,27,32437463.281424,0.0270419120788574
827,0.002,28,34133409.21202311,0.0330550670623779
828,0.002,29,27557984.16388445,0.0235576629638671
829,0.002,30,33937395.393562265,0.0293643474578857
830,0.002,31,33206236.523588963,0.0239691734313964
831,0.002,32,32672476.62718566,0.0235300064086914
832,0.002,33,31013910.465839665,0.0267338752746582
833,0.002,34,34565845.34173783,0.0277366638183593
834,0.002,35,34030471.06931531,0.0261273384094238
835,0.002,36,36357524.16770347,0.0238409042358398
836,0.002,37,32413226.72104152,0.0251162052154541
837,0.002,38,35518210.18156818,0.031153917312622
838,0.002,39,35488704.887144126,0.0249948501586914
839,0.002,40,33883194.47696972,0.0262081623077392
840,0.002,41,34441754.56912113,0.0278029441833496
841,0.002,42,32271993.730527773,0.0229880809783935
842,0.002,43,27321645.122612104,0.0270767211914062
843,0.002,44,33765001.38232318,0.0364630222320556
844,0.002,45,37365986.08387746,0.0324490070343017
845,0.002,46,33043717.18361621,0.0340383052825927
846,0.002,47,31351047.36180321,0.0358428955078125
847,0.002,48,28828234.084760796,0.0402302742004394
848,0.002,49,32774167.68232507,0.0379738807678222
849,0.002,50,34121548.426498055,0.0415096282958984
850,0.002,51,32897384.056032583,0.0377047061920166
851,0.002,52,33588387.18876295,0.0277619361877441
852,0.002,53,32967510.7493852,0.0289568901062011
853,0.002,54,32252779.64957681,0.0315666198730468
854,0.002,55,29734179.4988473,0.0273678302764892
855,0.002,56,29537801.80389069,0.031726598739624
856,0.002,57,32589834.858938925,0.0287847518920898
857,0.002,58,32173941.22062492,0.0301144123077392
858,0.002,59,34609923.75155332,0.0313410758972168
859,0.002,60,32619891.673373688,0.0274651050567626
860,0.002,61,31027838.273060724,0.0278005599975585
861,0.002,62,32461757.618009597,0.0309131145477294
862,0.002,63,32882837.68732765,0.0280208587646484
863,0.002,64,31896807.99497856,0.0345258712768554
864,0.002,65,33507370.93152579,0.0302870273590087
865,0.002,66,36126354.46626522,0.0259327888488769
866,0.002,67,36474365.33480729,0.0284469127655029
867,0.002,68,36989437.35006684,0.0335249900817871
868,0.002,69,33598273.07729977,0.0313372611999511
869,0.002,70,27216386.040444657,0.0318236351013183
870,0.002,71,34021454.143168844,0.0264492034912109
871,0.002,72,31490915.179077297,0.03011155128479
872,0.002,73,33301371.96468283,0.0263123512268066
873,0.002,74,32339132.95949065,0.0298395156860351
874,0.002,75,29039650.115455475,0.0283353328704834
875,0.002,76,30737963.7213799,0.0263171195983886
876,0.002,77,34074099.755268425,0.0279064178466796
877,0.002,78,35293511.52406194,0.0234408378601074
878,0.002,79,29039934.705018874,0.0252857208251953
879,0.002,80,32242718.55354338,0.0259699821472167
880,0.002,81,32316664.59090541,0.0269157886505126
881,0.002,82,34938613.823534325,0.0273683071136474
882,0.002,83,35092241.33654307,0.0263979434967041
883,0.002,84,32769989.305960704,0.0263900756835937
884,0.002,85,32795114.85074557,0.0291559696197509
885,0.002,86,32968498.39461194,0.0363516807556152
886,0.002,87,32236097.14280129,0.0312542915344238
887,0.002,88,30150172.45261409,0.0287249088287353
888,0.002,89,31805389.795168307,0.0273544788360595
889,0.002,90,35673918.026720375,0.0230264663696289
890,0.002,91,33526867.22379041,0.0276503562927246
891,0.002,92,30333347.769365177,0.0326898097991943
892,0.002,93,33096744.44127159,0.0292131900787353
893,0.002,94,32104736.52317569,0.0266025066375732
894,0.002,95,35040014.604515545,0.031390905380249
895,0.002,96,35187902.002103284,0.0235800743103027
896,0.002,97,33261903.031085413,0.0240848064422607
897,0.002,98,34795335.12481432,0.0233330726623535
898,0.002,99,33881262.79974967,0.0255918502807617
899,0.002,100,33288581.218404997,0.0212190151214599
900,0.001,1,32038965.039814554,0.0317461490631103
901,0.001,2,26733024.27217796,0.026374340057373
902,0.001,3,29479324.268600605,0.0229620933532714
903,0.001,4,29470512.722802527,0.0216093063354492
904,0.001,5,36708092.39516891,0.0244171619415283
905,0.001,6,31862024.817204323,0.0232789516448974
906,0.001,7,35210451.965981364,0.0220363140106201
907,0.001,8,35449701.32519918,0.0252087116241455
908,0.001,9,32198336.201485302,0.0286035537719726
909,0.001,10,34314128.783918254,0.0253734588623046
910,0.001,11,32247791.333482902,0.0300295352935791
911,0.001,12,27566231.139738623,0.0366718769073486
912,0.001,13,32696286.09281804,0.0251662731170654
913,0.001,14,34352144.841704525,0.0307092666625976
914,0.001,15,34833675.96564458,0.0318150520324707
915,0.001,16,32891578.31142705,0.0279734134674072
916,0.001,17,35490264.74403601,0.0270674228668212
917,0.001,18,31298030.19997812,0.0314111709594726
918,0.001,19,30107269.820031907,0.0292127132415771
919,0.001,20,34667534.38607341,0.0299134254455566
920,0.001,21,34152308.51471523,0.0252175331115722
921,0.001,22,33010177.14515759,0.0265750885009765
922,0.001,23,34716448.07645656,0.0288724899291992
923,0.001,24,29573891.752089728,0.0256726741790771
924,0.001,25,33353408.058031403,0.0236287117004394
925,0.001,26,31743521.43538448,0.0284328460693359
926,0.001,27,32437463.281424,0.0243470668792724
927,0.001,28,34133409.21202311,0.0259015560150146
928,0.001,29,27557984.16388445,0.0353610515594482
929,0.001,30,33937395.393562265,0.0296721458435058
930,0.001,31,33206236.523588963,0.0313878059387207
931,0.001,32,32672476.62718566,0.0243861675262451
932,0.001,33,31013910.465839665,0.0300178527832031
933,0.001,34,34565845.34173783,0.0321550369262695
934,0.001,35,34030471.06931531,0.0283718109130859
935,0.001,36,36357524.16770347,0.02486252784729
936,0.001,37,32413226.72104152,0.0258002281188964
937,0.001,38,35518210.18156818,0.0286417007446289
938,0.001,39,35488704.887144126,0.0273964405059814
939,0.001,40,33883194.47696972,0.0293116569519042
940,0.001,41,34441754.56912113,0.0262010097503662
941,0.001,42,32271993.730527773,0.0263674259185791
942,0.001,43,27321645.122612104,0.0348761081695556
943,0.001,44,33765001.38232318,0.0270237922668457
944,0.001,45,37365986.08387746,0.0296902656555175
945,0.001,46,33043717.18361621,0.027273416519165
946,0.001,47,31351047.36180321,0.0268518924713134
947,0.001,48,28828234.084760796,0.0301544666290283
948,0.001,49,32774167.68232507,0.0279309749603271
949,0.001,50,34121548.426498055,0.0337469577789306
950,0.001,51,32897384.056032583,0.0329909324645996
951,0.001,52,33588387.18876295,0.0262539386749267
952,0.001,53,32967510.7493852,0.026928424835205
953,0.001,54,32252779.64957681,0.0271570682525634
954,0.001,55,29734179.4988473,0.0302329063415527
955,0.001,56,29537801.80389069,0.0301263332366943
956,0.001,57,32589834.858938925,0.0283794403076171
957,0.001,58,32173941.22062492,0.0298144817352294
958,0.001,59,34609923.75155332,0.025026798248291
959,0.001,60,32619891.673373688,0.0280830860137939
960,0.001,61,31027838.273060724,0.0280184745788574
961,0.001,62,32461757.618009597,0.0404326915740966
962,0.001,63,32882837.68732765,0.0397830009460449
963,0.001,64,31896807.99497856,0.0384924411773681
964,0.001,65,33507370.93152579,0.0328478813171386
965,0.001,66,36126354.46626522,0.0349853038787841
966,0.001,67,36474365.33480729,0.0295147895812988
967,0.001,68,36989437.35006684,0.0268795490264892
968,0.001,69,33598273.07729977,0.0286576747894287
969,0.001,70,27216386.040444657,0.0405349731445312
970,0.001,71,34021454.143168844,0.0384137630462646
971,0.001,72,31490915.179077297,0.0383200645446777
972,0.001,73,33301371.96468283,0.0370073318481445
973,0.001,74,32339132.95949065,0.0385961532592773
974,0.001,75,29039650.115455475,0.0303008556365966
975,0.001,76,30737963.7213799,0.0345475673675537
976,0.001,77,34074099.755268425,0.0260045528411865
977,0.001,78,35293511.52406194,0.0307133197784423
978,0.001,79,29039934.705018874,0.0326602458953857
979,0.001,80,32242718.55354338,0.0247840881347656
980,0.001,81,32316664.59090541,0.030665636062622
981,0.001,82,34938613.823534325,0.0304439067840576
982,0.001,83,35092241.33654307,0.0286257266998291
983,0.001,84,32769989.305960704,0.0237910747528076
984,0.001,85,32795114.85074557,0.0228106975555419
985,0.001,86,32968498.39461194,0.032078742980957
986,0.001,87,32236097.14280129,0.025613784790039
987,0.001,88,30150172.45261409,0.0278792381286621
988,0.001,89,31805389.795168307,0.0321025848388671
989,0.001,90,35673918.026720375,0.0231950283050537
990,0.001,91,33526867.22379041,0.0235443115234375
991,0.001,92,30333347.769365177,0.0222730636596679
992,0.001,93,33096744.44127159,0.033266544342041
993,0.001,94,32104736.52317569,0.0342860221862793
994,0.001,95,35040014.604515545,0.0283904075622558
995,0.001,96,35187902.002103284,0.0311315059661865
996,0.001,97,33261903.031085413,0.0294668674468994
997,0.001,98,34795335.12481432,0.030595064163208
998,0.001,99,33881262.79974967,0.0258669853210449
999,0.001,100,33288581.218404997,0.0234086513519287
